,chord,lyric,score
1316, Ⅴ#m,*,0.9936169385910030
1080, Ⅴ,*,0.9931476712226870
836, Ⅵm/Ⅴ# Ⅳ Ⅴ,*,0.992429792881012
2219, bⅤ,*,0.9918939471244810
930, Ⅱ,*,0.9917746782302860
1935, Ⅲ,*,0.991523265838623
1700, Ⅰm bⅦm bⅢ,*,0.9911797642707820
1659, bⅦ#m Ⅵm Ⅱ,*,0.9911797642707820
935, Ⅱ,*,0.9909951090812680
651, Ⅰ,*,0.9905920624732970
1872, bⅦ#,*,0.9903032183647160
338,Ⅱmaj7,*,0.9903032183647160
652, Ⅰ,*,0.9903032183647160
1917,Ⅴ7,*,0.9898748397827150
1936, Ⅵm Ⅴm Ⅰ,*,0.989639401435852
5, Ⅲ,*,0.9895113110542300
899,Ⅲmaj7 Ⅶ/Ⅱ#,*,0.9894835352897640
1304, Ⅴ#m Ⅳ# bⅢ#,*,0.9892051219940190
2413,Ⅳ Ⅴ Ⅵsus4 Ⅵ,*,0.9891988635063170
1, Ⅲ,*,0.9891874194145200
2390,Ⅳ Ⅴ Ⅵm7 Ⅰ,*,0.98911452293396
1540,Ⅱm7 Ⅴ,*,0.9889127016067500
1147, Ⅴ bⅥ#m bⅦ#m,*,0.9889014959335330
751, Ⅴ Ⅲ/Ⅴ# Ⅵm,*,0.988617479801178
993, Ⅳ,*,0.9885214567184450
646, Ⅰ,*,0.988442599773407
1533,Ⅰ Ⅴ/Ⅶ Ⅵm7 bⅥm7 Ⅴm7 Ⅰ,*,0.9884356260299680
377,Ⅵmaj7 Ⅴ bⅦ,*,0.988236129283905
925, Ⅱ,*,0.9881321787834170
87, Ⅴ,*,0.9878631830215450
640, Ⅳ,*,0.9876227378845220
1552,bⅡ bⅥ/Ⅶ# Ⅵ#m7 bⅥ bⅡ,*,0.987508237361908
1025, bⅥ#m Ⅴm,*,0.9874820709228520
2542, Ⅲ Ⅶ,*,0.98740816116333
277,Ⅳ Ⅲ7 bⅦmaj7,*,0.987273335456848
2307, bⅥdim Ⅵm Ⅴ/Ⅶ Ⅰ bⅥdim Ⅵm,*,0.9872724413871760
2773, Ⅰ Ⅱ Ⅴ Ⅳ Ⅱ Ⅰ Ⅴ,*,0.987257182598114
1918, Ⅰ,*,0.98709374666214
2752,Ⅴ Ⅴm Ⅱsus4,*,0.9870392680168150
1939, Ⅳ,*,0.9870233535766600
1386, Ⅳ Ⅴ,*,0.9869675040245060
1940, Ⅳ,*,0.9869312644004820
2294,Ⅳmaj7 Ⅲ,*,0.9868181943893430
2035, Ⅳ Ⅴ/Ⅳ,*,0.986812174320221
1632, Ⅳ# bⅥ Ⅳm bⅦm,*,0.9867449402809140
2024, Ⅳ,*,0.9866709113121030
1559,Ⅳmaj7 Ⅲ7 Ⅵm Ⅴm,*,0.9866543412208560
1084, Ⅰ,*,0.9865589141845700
739, Ⅴ Ⅲ Ⅵm,*,0.98651784658432
2351, Ⅳ Ⅴ Ⅰ,*,0.9862646460533140
1878,Ⅳ#9 Ⅰ7 Ⅰ#maj7 Ⅱ# Ⅰm Ⅳm7,*,0.986250638961792
1775, Ⅴ Ⅳ# Ⅳ#/bⅦ,*,0.9861051440238950
853, Ⅵm/Ⅴ# Ⅳ Ⅴ,*,0.9859926104545590
923, bⅦ#m,*,0.9859607219696040
1900,Ⅲ/Ⅴ# Ⅴ Ⅰ#m7-5 Ⅱ#m7-5 Ⅱmaj7 Ⅰ#m,*,0.9858960509300230
633, bⅢ#m,*,0.9858930706977840
111, Ⅴ,*,0.985767126083374
892,Ⅰ#m Ⅶ Ⅶ7,*,0.9856921434402470
1539,Ⅳ Ⅴ Ⅲm7 Ⅵm7,*,0.985600471496582
983, Ⅰ Ⅳ,*,0.9854779243469240
1470,Ⅲ7/bⅥ Ⅵm7,*,0.9853197932243350
1067, Ⅰ/bⅢ#,*,0.9852147698402400
548,Ⅲm7/Ⅵ,*,0.985170304775238
81, Ⅰ Ⅵm,*,0.9850400686264040
721,Ⅳ/Ⅵ bⅦ Ⅰ Ⅱm7,*,0.9850146174430850
488, Ⅵm Ⅰ,*,0.9849045276641850
1693, Ⅳ#m bⅦ#,*,0.9848843812942500
2577, Ⅳ Ⅴ Ⅰ,*,0.9847301840782170
2588, Ⅳ Ⅴ,*,0.9847301840782170
1074, Ⅰ/bⅢ#,*,0.9846932888031010
1995,bⅢm7 bⅦm7 Ⅶ bⅤ bⅡ,*,0.9844919443130490
2309, Ⅵm Ⅳ Ⅴ Ⅰ,*,0.9844639897346500
1572,Ⅱm Ⅲ7 Ⅵm Ⅴm,*,0.984455704689026
1189, Ⅴm,*,0.984429121017456
1267,Ⅰ Ⅶm7-5 Ⅲ Ⅵm,*,0.9843069314956660
1923, Ⅴ,*,0.9842313528060910
699, Ⅳ,*,0.9841701984405520
1456, Ⅳ Ⅴ,*,0.9841593503952030
2210,bⅢm bⅢ7 bⅥm bⅤm Ⅶ,la5,0.984121561050415
2706, Ⅴm bⅦ Ⅳ Ⅴm,la5,0.984121561050415
1969,Ⅱm7 Ⅵm7 bⅦ Ⅳ Ⅰ,la5,0.984121561050415
874, Ⅲ/Ⅴ# Ⅵm Ⅵm/Ⅴ# Ⅳ Ⅴ,la5,0.984121561050415
1970,Ⅱm7 Ⅵm7 bⅦ Ⅳ Ⅰ/Ⅲ,la5,0.984121561050415
183, Ⅵm Ⅳ Ⅰ Ⅴ,la5,0.984121561050415
1983,bⅢm7 bⅦm7 Ⅶ bⅤ bⅡ,la5,0.984121561050415
1401,Ⅳ Ⅲ7 Ⅵm7 bⅦ Ⅰ,la5,0.984121561050415
2504,bⅥ#m7 bⅤ# Ⅳ Ⅶ# bⅤ#/Ⅶ,la5,0.984121561050415
1424,bⅢm7 Ⅲ#7 Ⅵ#m7 Ⅶ bⅡ,la5,0.984121561050415
2004,Ⅲm7 bⅦ#m7 Ⅰ Ⅴ Ⅱ,la5,0.984121561050415
3090, Ⅴ Ⅰ Ⅴ/bⅦ#,la5,0.984121561050415
1513,Ⅳ Ⅰ/Ⅲ Ⅵm7 Ⅱm Ⅴ,la5,0.984121561050415
3034, Ⅵm,la5,0.984121561050415
1512,Ⅰ Ⅴ/Ⅶ Ⅵm7 Ⅴm Ⅰ,la5,0.984121561050415
1428,Ⅳ Ⅲ7 Ⅵm7 Ⅴm7 Ⅰ7,la5,0.984121561050415
3035, Ⅰ,la5,0.984121561050415
2040, Ⅳ Ⅴ Ⅵm Ⅰ Ⅰ/bⅢ#,la5,0.984121561050415
2041, Ⅳ bⅢ# Ⅵm Ⅴm Ⅰ,la5,0.984121561050415
1510,Ⅰ Ⅴ/Ⅶ Ⅵm7 Ⅰ/Ⅴ Ⅰ,la5,0.984121561050415
1505,Ⅳ Ⅰ/Ⅲ Ⅱm7 Ⅴ,la5,0.984121561050415
3092, Ⅴ,la5,0.984121561050415
1501,Ⅴ bⅤ7 Ⅶm7 Ⅵm7 Ⅱ7,la5,0.984121561050415
682, Ⅳ/Ⅵ bⅦ Ⅰ Ⅳ Ⅰ/bⅢ#,la5,0.984121561050415
360,Ⅱmaj7 Ⅱ/Ⅲ Ⅵmaj7 Ⅴ bⅦ,la5,0.984121561050415
1458,Ⅳ Ⅲ7 Ⅵm7 Ⅴm7 Ⅰ,la5,0.984121561050415
2882,Ⅲm7 bⅢaug Ⅴ bⅡm7-5,la5,0.984121561050415
1847,bⅤ#m7 bⅥ#7 bⅡ#m7 Ⅶ#m7 Ⅲ#7,la5,0.984121561050415
1823,bⅤm7 bⅥ7 bⅡm7 Ⅶm7 Ⅲ7,la5,0.984121561050415
2298, Ⅵm Ⅳ Ⅴ Ⅰ Ⅴ/Ⅶ,la5,0.984121561050415
2346, Ⅳ Ⅴ Ⅵm Ⅳ Ⅴ,la5,0.984121561050415
1881,Ⅰ#maj7 Ⅱ# Ⅴm7 Ⅳ#9 Ⅰ7,la5,0.984121561050415
115,Ⅱmaj7 Ⅱm7 Ⅰ#m7 Ⅶm7 Ⅰ#m7,la5,0.984121561050415
1036, Ⅳ Ⅰ Ⅳm bⅦ Ⅰ,la5,0.984121561050415
1905,Ⅱmaj7 Ⅰ#7 Ⅴ#m7 Ⅴ9 Ⅳ#9,la5,0.984121561050415
1039,Ⅱmaj7 Ⅲ bⅡm7 bⅤm7 bⅤm7/Ⅲ,la5,0.984121561050415
1277,Ⅲm7 Ⅶm7 Ⅵm7 Ⅱ Ⅶ/Ⅱ#,la5,0.984121561050415
430, Ⅵm Ⅳ Ⅰ Ⅴ Ⅴ#dim,la5,0.984121561050415
442, Ⅵm Ⅰ Ⅱm Ⅳ Ⅲ,la5,0.984121561050415
96,Ⅰ Ⅵm Ⅳ Ⅴ Ⅰ7,la5,0.984121561050415
1035, Ⅰ bⅢ# bⅥ#m Ⅴm Ⅰ,la5,0.984121561050415
397, Ⅵm Ⅴ Ⅳ#dim Ⅳ Ⅴ,la5,0.984121561050415
1929,bⅦ#m7-5 Ⅲ Ⅵm Ⅴm Ⅰ,la5,0.984121561050415
1379,Ⅱm7 Ⅲ7 Ⅵm7 bⅦ Ⅰ,la5,0.984121561050415
1862,Ⅱmaj7 Ⅰ#7 Ⅴ#m7 Ⅴ9 Ⅰ#7,la5,0.984121561050415
2335,Ⅵm Ⅳ Ⅴsus4 Ⅴ Ⅴsus4,la5,0.984121561050415
1448,Ⅳ Ⅲ7,*,0.9840346574783320
2003,Ⅰ Ⅱ Ⅱ#dim Ⅲm7 Ⅰ Ⅱ,*,0.983984649181366
684, Ⅳ/Ⅵ bⅦ Ⅰ Ⅳ,*,0.9839161038398740
305,Ⅰ#m Ⅱmaj7,*,0.9838025569915770
1020, Ⅰ,*,0.9837305545806880
1015, Ⅴ,*,0.9837305545806880
1021, Ⅳ,*,0.9837305545806880
28, Ⅰ Ⅲ,*,0.983683943748474
459, Ⅵm Ⅰ,*,0.983614444732666
2443, Ⅴ bⅡ# bⅢ#m Ⅴ/bⅡ#,*,0.9835895895957950
1352, Ⅳ# bⅢ#,*,0.9835274815559390
2196, bⅥm bⅡm bⅤ Ⅶ,*,0.9832919239997860
664, Ⅳ,*,0.9832680821418760
642, Ⅰ,*,0.9832680821418760
469, Ⅵm Ⅰ Ⅱm Ⅳ Ⅲ,*,0.9832310676574710
3054, Ⅵm Ⅰ Ⅳ Ⅱm Ⅴ#dim Ⅳ,*,0.9831116795539860
725, Ⅳ/Ⅵ bⅦ Ⅰ,*,0.9830938577651980
1113, Ⅰ,*,0.983079195022583
2143,bⅡmaj7 Ⅰ Ⅳm Ⅲm,*,0.9830659627914430
1792,Ⅵmaj7 Ⅶ,*,0.9830411672592160
2397,Ⅳ Ⅴ Ⅵm7,*,0.9829782843589780
2544, Ⅲ,*,0.9829427003860470
2523, Ⅴ,*,0.9829427003860470
690, Ⅳ/Ⅵ bⅦ Ⅰ Ⅳ Ⅰ/bⅢ#,*,0.9828909039497380
1570,Ⅱm Ⅴ7 Ⅰ,*,0.9827316403388980
2871, bⅤm,*,0.9826855659484860
3072, Ⅳ bⅢ# Ⅵm,la3,0.98262757062912
2299,Ⅵm Ⅳ Ⅴsus4,la3,0.98262757062912
398, Ⅵm Ⅴ Ⅳ#dim,la3,0.98262757062912
3073, Ⅰ,la3,0.98262757062912
941, Ⅱ Ⅴ Ⅱ,la3,0.98262757062912
2276,Ⅳmaj7 Ⅲ Ⅵm,la3,0.98262757062912
2165,Ⅵm Ⅳ Ⅲ7,la3,0.98262757062912
1430,Ⅳ Ⅲ7 Ⅵm7,la3,0.98262757062912
1426, bⅤ bⅥ bⅡ,la3,0.98262757062912
1503,Ⅴ bⅤ7 Ⅶm7,la3,0.98262757062912
1381,Ⅱm7 Ⅴ Ⅰ,la3,0.98262757062912
1365, Ⅵm Ⅴ Ⅳ,la3,0.98262757062912
1602, Ⅳ bⅢ# bⅥ#m,la3,0.98262757062912
1303, Ⅴ#m Ⅳ# bⅢ#,la3,0.98262757062912
1263,Ⅰ Ⅶm7-5 Ⅲ,la3,0.98262757062912
2880,Ⅴ Ⅴm Ⅱsus4,la3,0.98262757062912
2878, Ⅴm bⅦ Ⅳ Ⅴm,la3,0.98262757062912
2877, bⅤm,la3,0.98262757062912
2864, Ⅱ Ⅲ,la3,0.98262757062912
2863, bⅤm Ⅲ bⅡm,la3,0.98262757062912
1135, Ⅳ Ⅴ Ⅰ,la3,0.98262757062912
1851,bⅤ#m7 Ⅶ# Ⅲ#,la3,0.98262757062912
1861,Ⅲ Ⅳ#m7 Ⅵ7,la3,0.98262757062912
2827,Ⅵ Ⅱmaj7 bⅡ7 bⅤm,la3,0.98262757062912
2825,Ⅱmaj7 bⅡ7 bⅤm,la3,0.98262757062912
1880,Ⅱ# Ⅳm7 Ⅴ#7,la3,0.98262757062912
998, Ⅴ Ⅰ Ⅳ,la3,0.98262757062912
2074, Ⅰ Ⅶ Ⅲm,la3,0.98262757062912
2151, Ⅳ Ⅴ Ⅵm,la3,0.98262757062912
315,Ⅴ#7 Ⅰ#m Ⅱmaj7,la3,0.98262757062912
3130,,la3,0.98262757062912
26, Ⅲ Ⅵm bⅥ,la3,0.98262757062912
2703, Ⅳ Ⅴ bⅥ#m,la3,0.98262757062912
3113, Ⅴ# Ⅰ#,la3,0.98262757062912
228, Ⅰ Ⅴ,la3,0.98262757062912
2563,Ⅴ Ⅵ Ⅶm7,la3,0.98262757062912
67, Ⅵm Ⅳ Ⅴ,la3,0.98262757062912
2646, Ⅴ Ⅵ Ⅱ,la3,0.98262757062912
2428, bⅢ#m bⅡ# Ⅰ,la3,0.98262757062912
2421,Ⅳ Ⅴ Ⅵm7,la3,0.98262757062912
2505,bⅥ#m7 bⅤ# Ⅳ,la3,0.98262757062912
2491,Ⅰmaj7 Ⅲm7 Ⅶm7,la3,0.98262757062912
1928, Ⅴ Ⅰ,*,0.9825457334518430
1664, Ⅴ Ⅳ#,la2,0.9825427532196040
1687, Ⅳ#m Ⅵ,la2,0.9825427532196040
1377,Ⅱm7 Ⅲ7,la2,0.9825427532196040
1296,Ⅲm7,la2,0.9825427532196040
1264, Ⅵm Ⅲ/bⅥ,la2,0.9825427532196040
1221,bⅦmaj7 Ⅰ,la2,0.9825427532196040
3033, Ⅱm Ⅴ#dim,la2,0.9825427532196040
1825,bⅤm7 Ⅶ,la2,0.9825427532196040
1403, Ⅳ Ⅴ,la2,0.9825427532196040
1849,bⅤ#m7 Ⅶ#,la2,0.9825427532196040
2562,Ⅶm7 Ⅱ,la2,0.9825427532196040
1883,Ⅰ#maj7 Ⅱ#,la2,0.9825427532196040
2454, Ⅰ bⅡ# bⅢdim bⅢ#m bⅡ#/Ⅳ# Ⅴ bⅥ#m,*,0.9825381636619570
110, Ⅴ,*,0.9825294017791750
1168,Ⅰ bⅦmaj7 Ⅵm7 bⅦmaj7,*,0.9824987649917600
2857,Ⅵ Ⅱmaj7 bⅡ7 bⅤm,*,0.9824768304824830
2179, Ⅲm Ⅵm Ⅴ,*,0.9824283719062800
2049, Ⅳm Ⅰ,*,0.9824185967445370
1991,Ⅶ bⅡ Ⅱdim bⅢ7,*,0.9823248386383060
3042, Ⅵm Ⅰ Ⅳ Ⅱm Ⅴ#dim,*,0.9822975397109980
2529,bⅥ#m7 bⅤ# Ⅳ Ⅶ#,*,0.9822961688041690
1410, Ⅳ Ⅴ,*,0.9821820855140690
1864,Ⅳ#m7 Ⅵ7,*,0.9821122884750370
1855,Ⅳ#m7 Ⅵ7,*,0.9820297360420230
240,Ⅵm Ⅳ Ⅱm Ⅲ7,la4,0.981964111328125
2017, Ⅳ Ⅴ bⅢ#m Ⅵm,la4,0.981964111328125
2119, Ⅰ Ⅶ Ⅲm Ⅲ,la4,0.981964111328125
1882,Ⅰ#maj7 Ⅱ# Ⅳm7 Ⅴ#7,la4,0.981964111328125
1502,Ⅴ Ⅵ bⅤ7/Ⅵ# Ⅶm7,la4,0.981964111328125
2669, Ⅳ Ⅰ Ⅴ bⅥ#m,la4,0.981964111328125
1736, Ⅳ# Ⅰ# Ⅳ# Ⅳ,la4,0.981964111328125
116,Ⅱmaj7 Ⅰ#m7 Ⅶm7 Ⅰ#m7,la4,0.981964111328125
981, bⅥ#m Ⅴ Ⅰ Ⅳ,la4,0.981964111328125
2237, Ⅵm Ⅲ Ⅵm Ⅲ,la4,0.981964111328125
1709, Ⅰm bⅢ Ⅳm Ⅴ,la4,0.981964111328125
2650, Ⅳ Ⅴ bⅢ#m bⅥ#m,la4,0.981964111328125
59, Ⅰ Ⅵm Ⅳ Ⅴ,la4,0.981964111328125
1423,bⅤ bⅥ Ⅲ#m7 Ⅵ#m7,la4,0.981964111328125
1704, Ⅴ# bⅦ Ⅴm Ⅰm,la4,0.981964111328125
2702, Ⅳ Ⅰ/bⅢ# Ⅴ bⅥ#m,la4,0.981964111328125
2082, Ⅲm Ⅰ Ⅱ Ⅴ,la4,0.981964111328125
2081, Ⅲm Ⅰ Ⅱ Ⅲm,la4,0.981964111328125
1504,Ⅰ Ⅴ/Ⅶ Ⅵm7 Ⅰ/Ⅴ,la4,0.981964111328125
1673, Ⅳ#m Ⅵ Ⅱ Ⅰ#,la4,0.981964111328125
1511, Ⅳ Ⅰ/Ⅲ Ⅱm Ⅴ,la4,0.981964111328125
919, Ⅴ Ⅱ Ⅴ Ⅱ,la4,0.981964111328125
1663, Ⅴ Ⅵ Ⅳ#m bⅦ#m,la4,0.981964111328125
512,Ⅱmaj7 Ⅵm7 Ⅴ Ⅲm7/Ⅵ,la4,0.981964111328125
1472,Ⅳ Ⅲ7 Ⅵm7 Ⅰ,la4,0.981964111328125
2209,Ⅲmaj7 bⅤ Ⅲmaj7 bⅤ,la4,0.981964111328125
1138, Ⅴ bⅥ#m bⅦ#m Ⅰ,la4,0.981964111328125
2993,Ⅲmaj7 Ⅵmaj7 Ⅶ Ⅰ#m,la4,0.981964111328125
3050, Ⅴ Ⅱm,la4,0.981964111328125
1040,Ⅱmaj7 Ⅲ bⅡm7 bⅤm7,la4,0.981964111328125
1853,Ⅱmaj7 Ⅰ#7 Ⅴ#m7 Ⅴ9,la4,0.981964111328125
1852,Ⅱmaj7 Ⅲ Ⅳ#m7 Ⅵ7,la4,0.981964111328125
644, Ⅰ Ⅱ bⅢ#m Ⅳ,la4,0.981964111328125
2565, Ⅳ Ⅴ bⅥ#m Ⅰ,la4,0.981964111328125
2149, Ⅳ Ⅲm Ⅵm bⅦ,la4,0.981964111328125
7, Ⅰ Ⅲ Ⅵm bⅥ,la4,0.981964111328125
2463,Ⅰ Ⅴ Ⅱsus4 Ⅲm7,la4,0.981964111328125
1846,bⅦmaj7 Ⅶ# bⅥ#m7 bⅡ#m7,la4,0.981964111328125
2148, Ⅳ Ⅴ Ⅲm Ⅵm,la4,0.981964111328125
2191, bⅤ bⅥ Ⅲ#m Ⅵ#m,la4,0.981964111328125
1642, Ⅳ# Ⅳ bⅦm bⅦ,la4,0.981964111328125
1805,bⅤm7 Ⅶ Ⅲ Ⅲ7,la4,0.981964111328125
1534,Ⅳ Ⅰ/Ⅲ Ⅱm7 Ⅴ,la4,0.981964111328125
2651, Ⅱm bⅢ#m Ⅳ Ⅴ,la4,0.981964111328125
1431,Ⅳ Ⅲ7 Ⅵm7 Ⅴm7,la4,0.981964111328125
1793,Ⅵmaj7 Ⅶ bⅥm7 bⅡm7,la4,0.981964111328125
2826,Ⅱmaj7 bⅡ7 bⅤm7 Ⅳm7 Ⅲm7,la4,0.981964111328125
1132, Ⅳ Ⅴ Ⅵm Ⅰ/bⅢ#,la4,0.981964111328125
1133, Ⅳ Ⅴ Ⅵm Ⅰ,la4,0.981964111328125
681,Ⅳ/Ⅵ bⅦ Ⅰ Ⅱm7,la4,0.981964111328125
3091, Ⅵm Ⅳ,la4,0.981964111328125
1643,Ⅳ# Ⅳ bⅦsus4 bⅦ,la4,0.981964111328125
1500,Ⅴ Ⅵ bⅤm7 Ⅶm7,la4,0.981964111328125
2792,Ⅵ Ⅳ#sus4 Ⅳ#,la4,0.981964111328125
3070, Ⅳ bⅢ# Ⅵm,la4,0.981964111328125
2427, bⅢ#m bⅡ# Ⅰ Ⅴ,la4,0.981964111328125
3030, Ⅵm,la4,0.981964111328125
3031, Ⅰ,la4,0.981964111328125
182, Ⅵm Ⅳ Ⅰ Ⅴ,la4,0.981964111328125
440, Ⅵm Ⅴ Ⅳ#dim Ⅳ,la4,0.981964111328125
3027,Ⅶ Ⅲmaj7,la4,0.981964111328125
774,Ⅴ Ⅶ7 Ⅲm Ⅰ,la4,0.981964111328125
1968,Ⅲm7 bⅦ#m7 Ⅰ Ⅴ,la4,0.981964111328125
3126,,la4,0.981964111328125
1553,bⅤ bⅡ/Ⅲ# Ⅱ#m7 bⅥ,la4,0.981964111328125
294,Ⅵmaj7 Ⅴ#7 Ⅰ#m Ⅱmaj7,la4,0.981964111328125
879,Ⅲmaj7 Ⅶ/Ⅱ# Ⅰ#m Ⅶ,la4,0.981964111328125
2313, Ⅵm Ⅳ Ⅴ Ⅰ,la4,0.981964111328125
3028, Ⅵm Ⅰ Ⅳ Ⅱm Ⅴ#dim,la4,0.981964111328125
1621, Ⅳ bⅢ# bⅥ#m Ⅴm,la4,0.981964111328125
1623,Ⅳ bⅢ# bⅥ#sus4 bⅥ#,la4,0.981964111328125
2503, Ⅰ Ⅴ Ⅱ Ⅰ,la4,0.981964111328125
1376,Ⅳ Ⅴ Ⅲm7 Ⅵm7,la4,0.981964111328125
3032, Ⅳ,la4,0.981964111328125
826, Ⅰ/Ⅲ Ⅳ Ⅰ/Ⅴ Ⅰ,la4,0.981964111328125
736, Ⅳ/Ⅵ bⅦ Ⅰ Ⅳ,la4,0.981964111328125
431, Ⅵm Ⅳ Ⅰ Ⅴ,*,0.9819372296333310
1914, Ⅰ Ⅱ,*,0.9819341897964480
2901,Ⅲm7 bⅢaug Ⅴ bⅡm7-5,*,0.9818712472915650
2725,Ⅳsus4 Ⅳ,*,0.9818712472915650
63, Ⅰ Ⅵm,*,0.9818530678749080
33, Ⅲ,*,0.9817650318145750
29, Ⅲ,*,0.9817420840263370
2291,Ⅳmaj7 Ⅲ,*,0.9817221760749820
1618, Ⅳ Ⅴ bⅢ#m bⅥ#m,*,0.9816607236862180
1589,Ⅳmaj7 Ⅴ7 Ⅰ,*,0.9816453456878660
714, Ⅳ Ⅰ/bⅢ#,*,0.9815688133239750
2105, Ⅶ,*,0.981564462184906
1578,Ⅵ Ⅱm Ⅴ7 Ⅰ,*,0.98151957988739
84, Ⅰ Ⅵm,*,0.9814844131469730
724,Ⅰ Ⅱm7,*,0.9814773201942440
2788, Ⅶ Ⅱ#m Ⅴ#m Ⅲ,*,0.9814744591712950
2751, Ⅳ,*,0.9814175963401790
2776, bⅢ Ⅱ,la6,0.9813072681427000
1601,Ⅴ7 Ⅲm Ⅵm Ⅳmaj7 Ⅴ7 Ⅰ,la6,0.9813072681427000
2211,Ⅲmaj7 bⅤ bⅢ7 bⅥm bⅡm bⅤ,la6,0.9813072681427000
625, Ⅴ/bⅦ# Ⅰ Ⅱ bⅢ#m Ⅳ,la6,0.9813072681427000
1535,Ⅰ Ⅴ/Ⅶ Ⅵm7 bⅥm7 Ⅴm7 Ⅰ,la6,0.9813072681427000
2775,bⅢ Ⅰ7 Ⅳsus4,la6,0.9813072681427000
1705, Ⅴ# Ⅴ Ⅴ/bⅦ# Ⅰm bⅦm bⅢ,la6,0.9813072681427000
1930, Ⅳ Ⅴ Ⅲm Ⅵ Ⅱm Ⅴ,la6,0.9813072681427000
1721, Ⅰ# Ⅳ#,*,0.981284201145172
2382,Ⅳ Ⅴ Ⅵm7,*,0.9812088012695310
2109, Ⅶ,*,0.9810962080955500
2034, Ⅴ Ⅰ,*,0.9808868169784550
734, Ⅳ,*,0.9807897210121160
17, Ⅲ/Ⅶ Ⅵm,*,0.9805747270584110
2764, Ⅴm,*,0.9804547429084780
1266, Ⅲ/bⅥ,*,0.9804489016532900
1723, bⅥ,*,0.9804480671882630
1034, Ⅳm bⅦ,*,0.9804309010505680
1873,Ⅰm7 Ⅰ#maj7 Ⅱ# Ⅳm7,*,0.9803691506385800
862, Ⅳ,*,0.9802913665771480
547,Ⅱmaj7 Ⅵm7 Ⅴ,*,0.9802769422531130
1899,Ⅱmaj7 Ⅰ#7 Ⅵ,*,0.9802062511444090
1489,Ⅲ Ⅱ#7 Ⅳ bⅤ,*,0.9801965355873110
863, Ⅰ,*,0.9801939725875850
1657, Ⅳ#m,*,0.9801684617996220
891,Ⅲmaj7 Ⅶ/Ⅱ#,*,0.9800052642822270
840, Ⅰ Ⅳ Ⅴ Ⅲ/Ⅴ# Ⅵm Ⅵm/Ⅴ# Ⅳ Ⅴ,la8,0.9799760580062870
2774, Ⅰ Ⅱ Ⅳ,la8,0.9799760580062870
1234,Ⅳ Ⅱm Ⅰ bⅦmaj7 Ⅵm7 bⅦmaj7 Ⅵm7 bⅦmaj7,la8,0.9799760580062870
1580,Ⅴ7 Ⅲm Ⅵm Ⅳmaj7 Ⅲ7 Ⅵm Ⅴm Ⅰ,la8,0.9799760580062870
551,Ⅱmaj7 Ⅴ bⅤm Ⅶm Ⅱmaj7 bⅤm Ⅶm Ⅴmaj7,la8,0.9799760580062870
552, Ⅰ Ⅱm Ⅴ bⅥ#m Ⅳ bⅢ#m Ⅱm Ⅴ,la8,0.9799760580062870
2991,Ⅲmaj7 Ⅵmaj7 Ⅶ Ⅰ#m,la8,0.9799760580062870
2051, Ⅴm Ⅰ Ⅳ,*,0.9799590110778810
1069, Ⅰ/bⅢ#,*,0.9798113703727720
23, Ⅰ,*,0.9797757863998410
449, Ⅵm Ⅰ,*,0.9797409772872920
1758, Ⅳ#,*,0.9795982241630550
1065,Ⅱmaj7,la1,0.9795570373535160
2564, Ⅴ,la1,0.9795570373535160
1557,Ⅵ7,la1,0.9795570373535160
114, Ⅰ,la1,0.9795570373535160
1713, Ⅰm,la1,0.9795570373535160
2076, Ⅲ,la1,0.9795570373535160
3094, Ⅳ bⅢ# Ⅵm,la1,0.9795570373535160
2881,Ⅴ Ⅰmaj7 Ⅶ7,la1,0.9795570373535160
396, Ⅵm,la1,0.9795570373535160
1236, Ⅳ,la1,0.9795570373535160
1967, Ⅱ#m Ⅴ#,*,0.9795040488243100
142,Ⅰ#m7 Ⅶm7 Ⅰ#m7,*,0.9795036315917970
1925, Ⅲ,*,0.9794657826423640
570, Ⅰ Ⅱm,*,0.9794644713401790
2146,bⅡmaj7 bⅢ Ⅰm Ⅳm bⅡmaj7 Ⅰ Ⅳm Ⅲm bⅢm bⅥ,la10,0.9794597029685970
1443, Ⅳ Ⅴ,*,0.9791802763938900
2458,Ⅰ bⅦ# bⅢdim bⅢ#m bⅢ#mM7 bⅢ#m7 bⅡm7-5,*,0.979134202003479
2438, Ⅰ bⅢdim bⅢ#m Ⅴ/bⅡ#,*,0.979134202003479
2424,Ⅰ bⅢdim bⅢ#m bⅢ#mM7 bⅢ#m7 bⅡm7-5,*,0.979134202003479
311,Ⅴ#7,*,0.978970229625702
68, Ⅰ Ⅵm,*,0.9789499044418340
2215, bⅤ/Ⅲ,*,0.9789348244667050
20, Ⅰ,*,0.9788647890090940
452, Ⅱm Ⅳ Ⅲ,*,0.9788188934326170
2072, Ⅳ# Ⅴ#,*,0.9787190556526180
297, Ⅰ#m,*,0.9785934686660770
1992, Ⅶ bⅡ,*,0.9785282015800480
885,Ⅲmaj7 Ⅶ/Ⅱ#,*,0.9784120917320250
2583,Ⅳ bⅢ#m bⅢ#7 bⅥ#m,*,0.978281795978546
78, Ⅳ,*,0.9782763123512270
306,Ⅵmaj7,*,0.9782228469848630
557, Ⅱm,*,0.9782128930091860
2748, bⅥm bⅦm Ⅶ Ⅶ bⅡ Ⅱ,*,0.9781495928764340
2896,Ⅱ bⅡsus4 bⅢsus4,*,0.9781495928764340
2720,Ⅶmaj7 ⅦmM7 Ⅶm6,*,0.9781495928764340
90, Ⅴ,*,0.9781313538551330
2959, Ⅴ# Ⅰ#m,*,0.9781256318092350
2376, Ⅳ Ⅴ Ⅵm Ⅲm Ⅳ Ⅴ Ⅳ,la7,0.9781073927879330
511,Ⅱmaj7 Ⅴ bⅤm Ⅶm Ⅱmaj7 bⅤm Ⅶm,la7,0.9781073927879330
1581,Ⅳmaj7 Ⅴ7 Ⅲm Ⅵm Ⅳmaj7 Ⅴ7 Ⅰ,la7,0.9781073927879330
2147,bⅡmaj7 bⅢ Ⅲdim Ⅳm bⅡmaj7 bⅢ Ⅳm,la7,0.9781073927879330
365,Ⅵmaj7 Ⅴ bⅦ,*,0.9780333638191220
1554, bⅡ bⅥ/Ⅶ#,*,0.9778841733932500
3101, Ⅵm Ⅳ,*,0.9778009057044980
1055,Ⅶm7 bⅡm7 Ⅳmaj7 bⅡ,*,0.9776487946510320
1662, Ⅴ Ⅵ,*,0.9776307940483090
1703, Ⅴ# bⅦ,*,0.9776307940483090
796, Ⅰ,*,0.9776174426078800
2903, Ⅳ,*,0.9775027632713320
2727,Ⅴ Ⅴm Ⅱsus4,*,0.9775027632713320
2934, Ⅵm Ⅳ Ⅰ/Ⅲ Ⅲ/Ⅴ# Ⅵm,*,0.9774647355079650
2533, Ⅳ Ⅶ#,*,0.9773678183555600
706, Ⅳ/Ⅵ bⅦ Ⅰ Ⅳ,*,0.977329671382904
2080,Ⅰmaj7 Ⅶ,*,0.9772985577583310
515,Ⅲm7/Ⅵ,*,0.9772860407829280
275,Ⅳ Ⅲ7 Ⅵm Ⅴm Ⅰ,*,0.9771514534950260
3108, Ⅳ Ⅴ,*,0.9771217703819280
1608, Ⅴ Ⅰ bⅢ#,*,0.9771118760108950
9, Ⅲ,*,0.9770456552505490
376,Ⅱmaj7 Ⅱ/Ⅲ,*,0.9768997430801390
2407, Ⅳ Ⅴ Ⅳ Ⅴ,*,0.9768773317337040
2392, Ⅳ Ⅴ Ⅳ,*,0.9768773317337040
1548,bⅡ bⅥ/Ⅶ# Ⅵ#m7 bⅡ/bⅥ,*,0.9768584966659550
89, Ⅵm Ⅴ Ⅳ,*,0.9768165946006780
722,Ⅳ/Ⅵ bⅦ Ⅰ Ⅱm7,*,0.9767926335334780
1584,Ⅳmaj7 Ⅴ7 Ⅲm Ⅵm,*,0.9767512083053590
1093, Ⅰ/bⅢ#,*,0.9765509963035580
1242, Ⅵm Ⅳ,*,0.9765356183052060
1532,Ⅱm7 Ⅴ,*,0.9764491319656370
141,Ⅱmaj7 Ⅱm7,*,0.9762604832649230
1915, bⅦ#m Ⅲ Ⅵm,*,0.9761990308761600
103, Ⅴ,*,0.9761276841163640
298,Ⅱmaj7,*,0.9760713577270510
671, Ⅳ Ⅴ/bⅦ# Ⅰ,*,0.9760437607765200
3023,Ⅲmaj7 Ⅵmaj7 Ⅶ Ⅰ#m,*,0.97601979970932
1858,Ⅳ#m7 Ⅵ7,*,0.9759492874145510
2615, Ⅳ#m bⅦ#m Ⅲm Ⅵ,*,0.9759423732757570
2347, Ⅰ/Ⅲ Ⅳ Ⅴ Ⅵm,*,0.9757132530212400
2275,Ⅳmaj7 Ⅲ Ⅵm,*,0.9756834506988520
2674, Ⅳ,*,0.9756754636764530
884, Ⅰ#m Ⅶ,*,0.9756041169166560
1863,Ⅱmaj7 Ⅲ,*,0.9755960702896120
1274, Ⅵm Ⅴ,*,0.975592851638794
1276, Ⅱm Ⅴ,*,0.975592851638794
1238, Ⅵm Ⅳ Ⅴ,*,0.975592851638794
2142, Ⅲdim Ⅳm,*,0.9755656719207760
573, Ⅱm Ⅴ,*,0.9754873514175420
1994,bⅢm7 bⅦm7 Ⅶ bⅤ bⅡ/Ⅳ,*,0.9754778146743770
1556,bⅤ bⅡ/Ⅲ# Ⅱ#m7 bⅥ,*,0.9754716157913210
1122, Ⅳ Ⅴ,*,0.9754620790481570
2969,Ⅲm Ⅶm Ⅶm7/Ⅵ,la9,0.9754338264465330
2992,Ⅲmaj7 Ⅵmaj7 Ⅶ Ⅰ#m,la9,0.9754338264465330
1191,Ⅳ Ⅱm Ⅰ bⅦmaj7 Ⅵm7 bⅦmaj7 Ⅵm7 bⅦmaj7 Ⅰ,la9,0.9754338264465330
1941,Ⅲ7,*,0.9754118323326110
1755, Ⅳ#,*,0.9753963947296140
3018,Ⅲmaj7 Ⅵmaj7 Ⅶ Ⅰ#m,*,0.9752970337867740
2300, Ⅵm Ⅳ,*,0.9752936363220220
943, Ⅳ#m,*,0.9752633571624760
75, Ⅰ Ⅴ/Ⅶ Ⅵm Ⅴ,*,0.97520512342453
703, Ⅳ/Ⅵ bⅦ Ⅰ Ⅳ,*,0.975157618522644
2951, Ⅶm Ⅳ#m Ⅴ Ⅱ,*,0.9750787019729610
2927, Ⅰ/Ⅲ Ⅳ Ⅴ Ⅵm,*,0.9750787019729610
1390, Ⅳ Ⅴ,*,0.9750442504882810
1996,bⅢm7 bⅦm7 Ⅶ bⅤ Ⅶ bⅤ/bⅦ,*,0.9750247597694400
637, Ⅳ,*,0.9750123023986820
673, Ⅴ,*,0.9750123023986820
1762, bⅥ Ⅳ#,*,0.9749438762664800
1325, Ⅴ#m Ⅳ#,*,0.9748250246047970
38, Ⅳ,*,0.974800169467926
1729, Ⅳm bⅦm bⅥ,*,0.9747653007507320
451, Ⅵm Ⅰ,*,0.974705934524536
2569, bⅥdim bⅥ#m,*,0.9746204614639280
1073, Ⅰm/bⅢ,*,0.9745526313781740
2303, Ⅴ,*,0.9744524359703060
2399,Ⅳ Ⅴ Ⅵm7,*,0.9743523001670840
647, Ⅱ,*,0.9739574790000920
1619, bⅡ#m bⅢ#m,*,0.97393798828125
1565,Ⅰ Ⅳmaj7 Ⅴ7 Ⅲm,*,0.9738996624946590
1894,Ⅰ#m7 Ⅱmaj7 Ⅲ Ⅳ#m7,*,0.973892331123352
2731, Ⅳ,*,0.9738242626190190
2907, Ⅰ Ⅰ/Ⅱ,*,0.9738242626190190
2784,Ⅴ Ⅰmaj7 Ⅶ7,*,0.9738242626190190
1471, Ⅳ Ⅴ,*,0.9738153219223020
2015, Ⅵm Ⅳ,*,0.9737754464149480
296,Ⅵmaj7 Ⅴ#7,*,0.9736974239349360
1487,Ⅲ Ⅱ#7 bⅥm7 bⅤm7 Ⅶ7,*,0.9735559821128840
104, Ⅰ Ⅴ/Ⅶ Ⅵm Ⅴ,*,0.9733113050460820
2380,Ⅳ Ⅰ Ⅴ Ⅵm7,*,0.9732812643051150
60, Ⅰ Ⅵm,*,0.97327721118927
1938, Ⅲm Ⅵm,*,0.9732763767242430
2561, Ⅴ Ⅵ,*,0.9732484221458440
522,Ⅴ Ⅲm7/Ⅵ,*,0.973201870918274
319,Ⅱmaj7,*,0.9731624722480770
2940, Ⅵm bⅦ Ⅴ,*,0.9731616973876950
2924, Ⅳ Ⅴ Ⅳ,*,0.9731616973876950
3045, Ⅵm,*,0.9731438755989080
1891,Ⅵ7 Ⅳ Ⅳ7 bⅦmaj7 Ⅰ Ⅱm7,*,0.973142385482788
1753, Ⅰ# Ⅳ#,*,0.97309148311615
1027, Ⅰ Ⅳm,*,0.9730398654937740
871, Ⅵm Ⅵm/Ⅴ# Ⅳ Ⅴ,*,0.9728566408157350
1159, Ⅴ bⅥ#m,*,0.9728357791900640
2341, Ⅴ/Ⅶ Ⅵm Ⅳ Ⅴ Ⅲ,*,0.9727314114570620
6, Ⅵm bⅥ,*,0.9726587533950810
1090, Ⅰ/bⅢ#,*,0.9725773334503170
1077, Ⅳ,*,0.9724565744400020
786, Ⅰ Ⅰm,*,0.972341537475586
784,Ⅶ7,*,0.972341537475586
785, Ⅲm,*,0.972341537475586
783, Ⅴ,*,0.972341537475586
634, Ⅳ,*,0.9722195863723760
1909, Ⅰ Ⅱ,*,0.972091257572174
2506,bⅥ#m7 bⅤ# Ⅳ Ⅶ#,*,0.971977710723877
631, Ⅰ,*,0.9719618558883670
2310, Ⅴ/Ⅶ Ⅵm Ⅳ Ⅴ Ⅰ,*,0.9719351530075070
586, Ⅳ bⅢ#m Ⅱm,*,0.9716784358024600
585, Ⅴ bⅥ#m,*,0.971594512462616
883,Ⅲmaj7 Ⅶ/Ⅱ#,*,0.971593737602234
707, Ⅳ/Ⅵ bⅦ Ⅰ Ⅳ Ⅰ/bⅢ#,*,0.9715867638587950
1761, Ⅳ#,*,0.97150456905365
71, Ⅴ,*,0.9714435338974
3001,Ⅲmaj7 Ⅵmaj7 Ⅶ Ⅰ#m,*,0.9714177250862120
467, Ⅵm Ⅰ Ⅱm Ⅳ Ⅲ,*,0.9713564515113830
916,Ⅲmaj7 Ⅶ/Ⅱ# Ⅰ#m Ⅶ Ⅶ7,*,0.971318542957306
2630, Ⅳ#m bⅦ#m Ⅲm Ⅵ,*,0.9710231423377990
2355,Ⅱ Ⅲ bⅡ7 bⅤm,*,0.9709153771400450
2373, Ⅱ Ⅲ Ⅱ bⅡ bⅤm,*,0.9709153771400450
2869,Ⅱmaj7 bⅡ7 bⅤm,*,0.9708897471427920
2436, bⅥ#m bⅦ#,*,0.9708291888237
14, Ⅵm bⅥ,*,0.970754861831665
1526, Ⅰ Ⅴ/Ⅶ,*,0.9706929326057430
1920, Ⅵm,*,0.9705826640129090
545,Ⅱmaj7 Ⅵm7 Ⅴ,*,0.9704961776733400
1315, bⅢ#,*,0.970458447933197
2754,Ⅲm7 bⅢaug Ⅴ bⅡm7-5,*,0.9704388976097110
1123, Ⅵm Ⅰ/bⅢ#,*,0.9704160094261170
2981, Ⅵ Ⅱm,*,0.970333993434906
1175, Ⅱm,*,0.9703036546707150
1174, Ⅰ,*,0.9703036546707150
1173,bⅦmaj7,*,0.9703036546707150
18, Ⅳ,*,0.9702646136283880
138,Ⅰ#m7 Ⅶm7 Ⅰ#m7,*,0.9702604413032530
1179, Ⅵ,*,0.9701136946678160
2247, Ⅲ Ⅱm,*,0.970107078552246
1166, bⅥ#m bⅦ#m Ⅰ Ⅴ,*,0.9700700640678410
1439,Ⅳ Ⅲ7 Ⅵm7 Ⅰ,*,0.9699492454528810
322,Ⅱmaj7,*,0.9698825478553770
1331, Ⅴ#m Ⅳ# bⅢ#,*,0.9698665738105770
1364, Ⅵm Ⅴ Ⅳ,*,0.9698665738105770
567, Ⅱm Ⅳ,*,0.9698227643966680
582, bⅥ#m Ⅳ,*,0.9698227643966680
565, Ⅴ Ⅳ,*,0.9698227643966680
2250,Ⅳmaj7 Ⅲ,*,0.969804048538208
1932, Ⅰ,*,0.969758152961731
2388,Ⅳ Ⅰ Ⅲ7 Ⅵm7,*,0.969753921031952
1732, Ⅳ# bⅥ,*,0.969673216342926
2277,Ⅳmaj7 Ⅲ Ⅵm Ⅳmaj7 Ⅲ Ⅵm,*,0.96958726644516
521,Ⅱmaj7 Ⅵm7,*,0.9694636464118960
2675,Ⅱm7 Ⅴ,*,0.9693663120269780
2391,Ⅳ Ⅴ bⅥdim Ⅵm7,*,0.969325840473175
1217, Ⅱm bⅢ,*,0.969315767288208
814, Ⅴ,*,0.9688781499862670
3039, Ⅴ Ⅱm,*,0.9687026143074040
2645, Ⅲm Ⅴm,*,0.9686855673789980
2550,bⅥm7 bⅤ/bⅦ,*,0.9686251878738400
2816, Ⅴ#m Ⅲ Ⅳ# Ⅶ Ⅳ#/Ⅵ#,*,0.9686017036437990
195, Ⅰ Ⅴ,*,0.9685326218605040
1083, Ⅳ Ⅴ Ⅵm,*,0.9685108065605160
2789, Ⅶ Ⅱ#m,*,0.9685039520263670
25, bⅥ Ⅰ,*,0.9684584736824040
1921, Ⅴm Ⅰ Ⅳ,*,0.9683393836021420
2363, Ⅳ Ⅴ Ⅰ,*,0.9682019352912900
2750,Ⅳsus4 Ⅳ,*,0.9679760336875920
2722, bⅥm bⅦm Ⅶ,*,0.9679760336875920
2898, Ⅳ,*,0.9679760336875920
2656, Ⅳ,*,0.9678351879119870
257,Ⅱm Ⅲ7,*,0.9676835536956790
1017, Ⅳ,*,0.9675073623657230
369,Ⅵmaj7 Ⅴ bⅦ,*,0.9670329093933100
1415,bⅤ bⅥ Ⅲ#m7 Ⅵ#m7,*,0.9670295119285580
2716,Ⅶ bⅤ Ⅶ Ⅰdim bⅡsus4 bⅡ bⅤ,*,0.9669945240020750
2892,Ⅶmaj7 ⅦmM7 Ⅶm6,*,0.9669945240020750
964, bⅦ#m,*,0.9668743014335630
1248, Ⅳ Ⅴ,*,0.9668353796005250
709,Ⅱm7 Ⅰ/bⅢ#,*,0.9668094515800480
2103, Ⅱ,*,0.9667414426803590
73, Ⅵm Ⅴ Ⅳ,*,0.9665871858596800
3003,Ⅲmaj7 Ⅵmaj7 Ⅶ Ⅰ#m,*,0.9665763974189760
97,Ⅶm7-5 Ⅲ,*,0.9665546417236330
1396,Ⅵm7 Ⅴm7 Ⅰ,*,0.9664981961250300
546,Ⅲm7/Ⅵ,*,0.9664629101753240
2900,Ⅴ Ⅰmaj7 Ⅶ7,*,0.966338872909546
2724,Ⅱ bⅡsus4 bⅢsus4,*,0.966338872909546
2116,Ⅴ Ⅰmaj7 Ⅱ bⅢdim,*,0.966324269771576
2270,Ⅵm ⅥmM7 Ⅵm7 bⅤm7-5,*,0.9662423729896540
2723, Ⅶ bⅡ Ⅱ,*,0.9662256836891170
2899,Ⅴ Ⅴm Ⅱsus4,*,0.9662256836891170
2667, Ⅳ Ⅴ bⅥ#m,*,0.9660190343856810
303,Ⅰ#m Ⅱmaj7,*,0.96600079536438
2048, Ⅳm,*,0.9659730792045590
3019,Ⅲmaj7 Ⅵmaj7 Ⅶ Ⅰ#m,*,0.9658657908439640
1734, bⅥ Ⅳ#,*,0.965828537940979
2493,Ⅲm7 Ⅶm7,*,0.9657946228981020
2145, bⅢ,*,0.9657930731773380
98, Ⅵm Ⅴ Ⅳ,*,0.965734362602234
2140,bⅥ bⅡmaj7,*,0.9656832218170170
152,Ⅶm7,*,0.9654259085655210
1714, Ⅳ#,*,0.9652796983718870
558, Ⅴ,*,0.9651880860328670
2111, Ⅲm,*,0.965181529521942
144,Ⅶm7 Ⅰ#m7,*,0.9651574492454530
1955, Ⅴ# Ⅳm bⅦm Ⅳ#m Ⅴ#,*,0.9650846123695370
873, Ⅵm/Ⅴ# Ⅳ Ⅴ Ⅰ Ⅳ Ⅴ,*,0.9650833606719970
1359, Ⅳ,*,0.9649952054023740
1171,Ⅰ bⅦmaj7 Ⅵm7 bⅦmaj7,*,0.9649937748909000
66, Ⅰ,*,0.964915096759796
62, Ⅴ,*,0.964915096759796
2945, Ⅳ Ⅰ/Ⅲ Ⅴ Ⅵm,*,0.964747965335846
1798,Ⅵmaj7 Ⅶ,*,0.9646454453468320
1833,bⅦmaj7 Ⅶ#,*,0.9646454453468320
2686, Ⅳ,*,0.964464545249939
2489,Ⅰ Ⅴ Ⅶ7 Ⅲm7,*,0.9644644260406490
2064, Ⅳ# Ⅴ# bⅦm Ⅰ#,*,0.9644035696983340
2933, Ⅴ Ⅳ Ⅰ/Ⅲ Ⅴ,*,0.964379608631134
1030, bⅢ#,*,0.964350163936615
1651, Ⅰ# Ⅳ#m,*,0.9642555713653560
1702, Ⅴ Ⅴ/bⅦ# Ⅰm,*,0.9641768932342530
1661, Ⅳ# Ⅳ#/bⅦ bⅦ#m,*,0.9641768932342530
1498,Ⅴ Ⅵ Ⅱ Ⅵm7 Ⅱ7,*,0.964135766029358
486, Ⅵm Ⅰ,*,0.9640048146247860
2096,Ⅴ Ⅰmaj7,*,0.9638699293136600
2134,bⅥ bⅡmaj7,*,0.9638699293136600
794, Ⅲm,*,0.96377032995224
649, Ⅳ,*,0.963640034198761
1194,bⅦmaj7 Ⅵm7 bⅦmaj7,*,0.9634969234466550
254, Ⅵm Ⅳ,*,0.9634765982627870
136,Ⅶm7 Ⅰ#m7,*,0.9634749293327330
1343, bⅢ#,*,0.9634328484535220
2875,Ⅱmaj7 bⅡ7 bⅤm,*,0.9634295701980590
1046,Ⅶm7 bⅡm7 Ⅳmaj7 bⅡ,*,0.9634187817573550
1342, Ⅴ#m Ⅳ#,*,0.9633073806762700
2895, Ⅶ bⅡ Ⅱ,*,0.9632949233055120
2719, Ⅱ Ⅵ bⅡ,*,0.9632949233055120
939, Ⅳ#m bⅦ#,*,0.9632583856582640
2236, Ⅵm Ⅱm Ⅴ,*,0.9632093906402590
1937, Ⅳ Ⅴ,*,0.963012158870697
2213,bⅡm bⅢ7 bⅥm,*,0.9629645943641660
1988,bⅢm7 bⅦm7 Ⅶ bⅤ bⅡ/Ⅳ,*,0.9628735184669500
740, Ⅳ Ⅴ Ⅵm,*,0.9627885222435000
2761, Ⅴ Ⅳ bⅦ Ⅰ bⅢ Ⅳ Ⅴ,*,0.9627305269241330
2476,Ⅵm7 Ⅰm Ⅱ,*,0.9626365900039670
2524,Ⅲm7,*,0.9624313116073610
2545,bⅡm7,*,0.9624313116073610
2613, Ⅱm Ⅲm Ⅳ,*,0.9624208211898800
2984, Ⅵ Ⅱm Ⅵ# Ⅵ Ⅵ# Ⅰ,*,0.9624122977256780
2867, bⅡ,*,0.962306559085846
1254, Ⅵm Ⅳ Ⅴ,*,0.9621279835700990
2998,Ⅲmaj7 Ⅵmaj7 Ⅶ Ⅰ#m,*,0.962058126926422
1787, Ⅴ Ⅳ# Ⅳ#/bⅦ bⅦ#m bⅥ#,*,0.9620131254196170
2130,Ⅴ Ⅰmaj7 Ⅱ bⅢdim Ⅲm Ⅰmaj7,*,0.961831510066986
520, Ⅵ,*,0.9616327285766600
2360, Ⅰ/Ⅲ Ⅳ Ⅴ Ⅵm,*,0.9614906907081600
2198,Ⅶ7 bⅡm bⅢ7 Ⅶ Ⅶ7 Ⅲmaj7,*,0.9614230990409850
3004,Ⅲmaj7 Ⅵmaj7 Ⅶ Ⅰ#m,*,0.9613824486732480
203, Ⅵm Ⅳ Ⅰ Ⅴ,*,0.961280107498169
481, Ⅱm Ⅳ Ⅲ,*,0.9612640142440800
2207,Ⅶ Ⅲmaj7 bⅤ bⅢm bⅥ,*,0.9611706137657170
2486,Ⅵm7 Ⅰ Ⅶ7,*,0.961145281791687
741, Ⅳ Ⅴ Ⅵm,*,0.961115539073944
200, Ⅵm Ⅳ,*,0.9610838294029240
3060, Ⅳ,*,0.9609469771385190
3049, Ⅳ Ⅵm,*,0.9609469771385190
3069, Ⅵm Ⅳ Ⅴ Ⅰ,*,0.9609469771385190
77, Ⅰ Ⅴ/Ⅶ Ⅵm Ⅴ,*,0.9608749151229860
540, Ⅴ Ⅵ,*,0.9607558250427250
1137, Ⅰ Ⅰm,*,0.96073317527771
1384,Ⅳ Ⅴ Ⅲ7 Ⅵm7,*,0.9605627655982970
2513,bⅤ#sus4,*,0.9605584740638730
2342, Ⅵm Ⅳ Ⅴ Ⅰ,*,0.9604759812355040
1197,bⅦmaj7 Ⅵm7 bⅦmaj7,*,0.9603939652442930
2155, Ⅱm bⅥdim Ⅵm,*,0.960342824459076
2780,Ⅲm7 bⅢaug Ⅴ bⅡm7-5,*,0.9602869749069210
1906,Ⅴ Ⅳ#m7-5,*,0.9601945281028750
45, bⅥ,*,0.9600809216499330
2016, Ⅴ,*,0.9600543975830080
2973,Ⅵ Ⅴ#sus4 Ⅴ#,*,0.9597350358963010
527,Ⅲm7/Ⅵ,*,0.9596312642097470
2212,Ⅲmaj7 bⅤ/Ⅲ bⅢm bⅥ,*,0.9595434665679930
3036, Ⅳ,*,0.959360420703888
2372, Ⅱ Ⅲ Ⅳdim bⅤm,*,0.959259271621704
2354,Ⅱ Ⅲ bⅡm7 bⅤm,*,0.959259271621704
3010,Ⅲmaj7 Ⅵmaj7 Ⅶ Ⅰ#m,*,0.9591920971870420
554, Ⅴ bⅥ#m,*,0.9591751098632810
2091,Ⅰmaj7,*,0.9591689705848690
2820, Ⅶ,*,0.9590581059455870
2255,Ⅵm ⅥmM7 Ⅵm7 bⅤm7-5 Ⅳmaj7,*,0.9589086771011350
2029, Ⅳ bⅢ#,*,0.9587942361831660
1268, Ⅲ/bⅥ,*,0.958609104156494
2357,Ⅱ Ⅲ Ⅳ Ⅴsus4 Ⅴ,*,0.9585994482040400
1182, Ⅱm bⅡm Ⅰm,*,0.958507776260376
2617, Ⅳ#m bⅦ#m,*,0.9584495425224300
2092, Ⅶ Ⅲm,*,0.9584348201751710
1707, Ⅴ Ⅴ/bⅦ# Ⅰm,*,0.9584276080131530
1770, Ⅳ# bⅥ Ⅳ#,*,0.9583925604820250
597, Ⅴ,*,0.9583900570869450
648, bⅢ#m,*,0.9583085179328920
2769, Ⅳ Ⅴm Ⅴm,*,0.9583020210266110
1246, Ⅳ,*,0.9583011269569400
1160, bⅦ#m Ⅰ Ⅰm,*,0.9581564664840700
2540,bⅥm7 bⅤ,*,0.9581562280654910
2740, bⅤ Ⅲ bⅤ Ⅲ bⅤ,*,0.9578769207000730
1107, Ⅳ Ⅴ,*,0.9578526020050050
3, bⅥ,*,0.9578415751457210
2094,Ⅰmaj7 Ⅱ Ⅶm Ⅲm,*,0.9575046300888060
1139, Ⅴ bⅥ#m bⅦ#m,*,0.9573469161987300
2872,Ⅶm7 bⅡm7 Ⅱ Ⅲ Ⅱ Ⅲ,*,0.9571603536605840
1913, Ⅱm Ⅴ,*,0.9570952653884890
125,Ⅱmaj7 Ⅰ#m7,*,0.9570808410644530
609, Ⅰ Ⅱm,*,0.9569995999336240
2739, bⅤ Ⅲ bⅤ Ⅲ bⅤ Ⅲ bⅤ,*,0.9569839239120490
2889, bⅢm Ⅶ,*,0.9569839239120490
2713, Ⅴ Ⅳ Ⅴ Ⅳ Ⅴ Ⅳ Ⅴ,*,0.9569839239120490
833, Ⅳ/Ⅵ Ⅴ/Ⅶ Ⅰ,*,0.9569740891456600
940, Ⅴ,*,0.9569218754768370
2917, Ⅳ Ⅰ/Ⅲ Ⅴ,*,0.9568750858306880
2460, bⅥ#m bⅡ#,*,0.9567788243293760
2805,Ⅶ/Ⅱ# Ⅲ Ⅳ#sus4,*,0.956348955631256
577, Ⅳ bⅢ#m,*,0.9563482999801640
641, Ⅴ/bⅦ# Ⅰ,*,0.9561761617660520
2578, Ⅰ Ⅳ,*,0.956144630908966
1744, bⅥ Ⅳ#,*,0.9560683965682990
1146, bⅦ#m Ⅰ,*,0.956007480621338
1164, bⅦ#m Ⅰ Ⅰm,*,0.956007480621338
732,Ⅳ/Ⅵ bⅦ Ⅰ Ⅱm7,*,0.9559698700904850
1901,Ⅰmaj7 bⅦ#m Ⅰ#,*,0.955844521522522
2850,Ⅱmaj7 bⅡ7 bⅤm,*,0.9558345079422000
1966, Ⅳm bⅦm,*,0.9558192491531370
743, Ⅳ Ⅲ,*,0.9556795358657840
1685, Ⅳ#m Ⅵ Ⅱ Ⅰ#,*,0.9555162191390990
1686, Ⅳ#m Ⅵ Ⅱ Ⅰ# Ⅳ#m Ⅵ Ⅱ Ⅰ#,*,0.9555162191390990
1859,Ⅱmaj7 Ⅰ#7 Ⅴ#m7,*,0.9552536606788640
1614, Ⅳ Ⅴ bⅢ#m bⅥ#m,*,0.9549750685691830
143,Ⅱmaj7 Ⅰ#m7,*,0.954913854598999
1247, Ⅴ Ⅰ Ⅴ/Ⅶ Ⅲ/bⅥ Ⅵm,*,0.954763114452362
1854,Ⅱmaj7 Ⅲ,*,0.9547306299209600
2685, Ⅳ Ⅴ bⅥ#m,*,0.9546904563903810
1054,Ⅱmaj7 Ⅲ bⅡm7 bⅤm7 bⅤm7/Ⅲ,*,0.9546392560005190
3083, Ⅴ Ⅰ,*,0.9544676542282100
3119, Ⅴ# Ⅰ#,*,0.9544676542282100
399, Ⅵm Ⅴ Ⅳ#dim Ⅳ Ⅴ,*,0.9543344974517820
2195,Ⅲmaj7 bⅤ bⅢm,*,0.9543052911758420
731,Ⅳ/Ⅵ bⅦ Ⅰ Ⅱm7,*,0.9542065262794500
2772,Ⅴm Ⅵ/Ⅴ Ⅴm Ⅴm7 Ⅱsus4 Ⅱ,*,0.9539014101028440
2770, Ⅴm bⅤ Ⅵm bⅥ Ⅴm bⅤ Ⅵm bⅥ,*,0.9539014101028440
2766, Ⅴm,*,0.9539014101028440
1795,Ⅵmaj7 bⅥ7 bⅡm7 Ⅱ Ⅲ,*,0.9537819027900700
2961,Ⅰ#m Ⅶ Ⅵmaj7 Ⅲ,*,0.9537560939788820
965, Ⅱ,*,0.9536528587341310
1820,bⅥm7 bⅡm7,*,0.9536046385765080
556, bⅢ#m,*,0.9535796642303470
1485,Ⅳ Ⅲ7,*,0.9534255862236020
2810,Ⅴ#m Ⅲ Ⅳ#sus4,*,0.9531420469284060
2799,Ⅴ#m Ⅲ Ⅳ#sus4 Ⅲ Ⅳ#,*,0.9531420469284060
2264, Ⅵm Ⅳ,*,0.9528415203094480
3111,bⅢ# Ⅳsus4 Ⅳ,*,0.9527273178100590
273,Ⅱm Ⅲ7 bⅦmaj7,*,0.9526921510696410
261,Ⅱm Ⅲ7,*,0.9526921510696410
2279, Ⅱm,*,0.9525770545005800
2389,Ⅳ Ⅴ Ⅵm7 Ⅵm7/Ⅴ,*,0.9524498581886290
2559, Ⅴ Ⅱ,*,0.9524078965187070
1577,Ⅰ bⅤm7-5 Ⅴ7 Ⅲ7,*,0.9523940682411190
64, Ⅳ,*,0.9523169994354250
1071, Ⅳ,*,0.9523072838783260
2977,Ⅱmaj7 Ⅰ#m7,*,0.9522629380226140
1947, Ⅲm Ⅱm Ⅴ,*,0.9521317481994630
3000,Ⅲmaj7 Ⅵmaj7 Ⅶ Ⅰ#m,*,0.9521144032478330
870, Ⅰ Ⅳ Ⅴ Ⅲ/Ⅴ#,*,0.952094554901123
1612, bⅢ# bⅥ#m bⅥ#,*,0.9520890116691590
2622, Ⅳ Ⅴ Ⅰ,*,0.9520860314369200
1692, bⅢ bⅢ/Ⅴ Ⅴ#m,*,0.9520643949508670
364,Ⅱmaj7 Ⅱ/Ⅲ,*,0.9518791437149050
2338, Ⅵm Ⅳ Ⅴ Ⅰ,*,0.9518166780471800
2938, Ⅳ Ⅴ Ⅲ/Ⅴ# Ⅵm,*,0.9517184495925900
966, bⅢ#m,*,0.951715052127838
2290, Ⅳ bⅥdim Ⅲ,*,0.9516839981079100
2216, bⅢm bⅥm,*,0.9516789317131040
13, Ⅲ,*,0.95165354013443
2755,Ⅵm7 Ⅴ Ⅰmaj7 Ⅵm7/Ⅱ bⅢ Ⅳ,*,0.9516237378120420
2997,Ⅲmaj7 Ⅵmaj7 Ⅶ Ⅰ#m,*,0.951431930065155
2735, Ⅰ Ⅰ/Ⅱ,*,0.9512414336204530
2911, Ⅰ Ⅳ Ⅴ Ⅵm,*,0.9512414336204530
2709,Ⅴ Ⅰmaj7 Ⅶ7,*,0.9512414336204530
2885, Ⅴ Ⅳ Ⅴ Ⅳ Ⅴ Ⅳ Ⅴ,*,0.9512414336204530
3096, Ⅳ bⅢ# Ⅵm Ⅰ,*,0.9512166976928710
2560, Ⅳdim bⅤ,*,0.9509912133216860
251,Ⅱm Ⅲ7,*,0.950973093509674
2203,Ⅶ Ⅲmaj7 bⅤ/Ⅲ bⅢm bⅥm,*,0.95095694065094
1641, bⅢm bⅥ,*,0.9507925510406490
987, Ⅴ,*,0.9505046010017400
2316, Ⅴ Ⅰ Ⅴ,*,0.9503818154335020
3088, Ⅵm,*,0.95015287399292
3124, bⅦm Ⅳ# Ⅴ#,*,0.95015287399292
1777, Ⅴ bⅥ# Ⅴ,*,0.9501018524169920
2197,Ⅲmaj7 bⅤ bⅢm,*,0.9499624371528620
2469,Ⅲm7 Ⅰ Ⅱ Ⅴ Ⅱ/Ⅳ#,*,0.9498969912528990
2052, Ⅴ bⅢ#m Ⅵm,*,0.9497888088226320
1998,Ⅶ bⅡ bⅦm7 bⅢ7 Ⅶ bⅦ7,*,0.9497594833374030
1407, Ⅳ Ⅴ,*,0.9497493505477900
320,Ⅵmaj7 Ⅴ#7,*,0.949597954750061
753, Ⅵm,*,0.9495283365249630
3067, Ⅵm Ⅳ Ⅴ,*,0.9494102001190190
843, Ⅰ/Ⅲ Ⅳ,*,0.94856595993042
2008, Ⅳ Ⅴ,*,0.9484030604362490
2069, Ⅳ# Ⅳ Ⅳ/Ⅵ bⅦm Ⅴ#m Ⅰ#,*,0.9484030604362490
2068, Ⅳ# Ⅴ# Ⅳm bⅦm,*,0.9484030604362490
1444,Ⅲm7 Ⅵm7,*,0.9481838345527650
639, Ⅱ bⅢ#m,*,0.9478545784950260
2555, Ⅴ Ⅱ,*,0.9476850628852840
1810,Ⅵmaj7 Ⅶ,*,0.9476605653762820
672, Ⅱ,*,0.9475706815719600
2822, Ⅶ Ⅳ#/Ⅵ# Ⅴ#m Ⅳ#,*,0.9475536346435550
2918, Ⅵm Ⅳ Ⅰ/Ⅲ Ⅲ/Ⅴ# Ⅵm,*,0.9475197196006780
133,Ⅱmaj7 Ⅱm7,*,0.9474199414253240
193, Ⅰ Ⅴ,*,0.9473590850830080
102, Ⅳ,*,0.9472607970237730
1605,bⅦ#m7-5 bⅢ# bⅥ#m Ⅴ Ⅳ#m7-5,*,0.947216272354126
2095, Ⅵm Ⅶ Ⅲm Ⅱm,*,0.9471946954727170
1953, Ⅳ,*,0.9470040202140810
1391,Ⅰ Ⅲ7,*,0.9469351768493650
2153, Ⅱm bⅥdim Ⅵm bⅦ,*,0.9469130635261540
2494, Ⅰ Ⅱ,*,0.9469062089920040
1785, Ⅱ Ⅰ,*,0.9468039274215700
2039, Ⅴ,*,0.94655179977417
2426,bⅥ#m bⅡ#sus4 bⅡ#,*,0.9463785886764530
2452, bⅥ#m Ⅰm bⅡ# Ⅰ,*,0.9463785886764530
2440, bⅥ#m Ⅰm bⅡ#,*,0.9463785886764530
1697, Ⅴ# bⅦ,*,0.9463024735450740
792, Ⅴ,*,0.9462192058563230
1760, Ⅳ bⅦm Ⅰ#,*,0.9461886882781980
2046, bⅢ# Ⅵm,*,0.9461823105812070
2557,Ⅶm7 Ⅵ,*,0.9461645483970640
3011,Ⅲmaj7 Ⅵmaj7 Ⅶ Ⅰ#m,*,0.9461027979850770
2642, Ⅳ#m bⅦ#m Ⅲm Ⅵ,*,0.945671796798706
3112, bⅦm Ⅳ#,*,0.9454137682914730
627, Ⅰ,*,0.9452312588691710
2618, Ⅲm Ⅵ,*,0.9451821446418760
2912, Ⅰ Ⅳ Ⅴ,*,0.9449103474617000
2736, Ⅴ Ⅳ bⅦ Ⅰ bⅢ Ⅳ Ⅴ,*,0.9449103474617000
2710,Ⅲm7 bⅢaug Ⅴ bⅡm7-5,*,0.9449103474617000
2886, Ⅴ Ⅳ Ⅴ Ⅳ Ⅴ,*,0.9449103474617000
3008,Ⅲmaj7 Ⅵmaj7 Ⅶ Ⅰ#m,*,0.944796085357666
1735, bⅥ,*,0.9447699785232540
1354, bⅢm Ⅴ#m Ⅰ#m bⅢm Ⅴ#,*,0.9446898698806760
1351, Ⅴ#m Ⅳ# bⅢ# Ⅴ#m,*,0.9446763396263120
1870,Ⅴ#m7/Ⅰ# Ⅴ9 Ⅰ#7 Ⅳm Ⅱ# Ⅱm7-5,*,0.9443390369415280
1062,Ⅱmaj7 Ⅲ bⅡm7 bⅤm7,*,0.9439691305160520
1562, Ⅰ,*,0.9438616037368770
992, Ⅰ,*,0.9438198804855350
572, Ⅳ bⅢ#m,*,0.943699300289154
49,bⅥ6 Ⅴ Ⅳ,*,0.9435074925422670
2370,Ⅱm7 Ⅰ/Ⅲ Ⅳ Ⅲ Ⅵm Ⅵm7/Ⅴ,*,0.9430931806564330
2244, Ⅵm,*,0.943062961101532
1841,bⅤ#m7 bⅥ#7 bⅡ#m7 Ⅶ#m7 Ⅲ#7,*,0.9430552124977110
3061, Ⅴ,*,0.9429299235343930
2714, Ⅴ Ⅳ Ⅴ Ⅳ Ⅴ,*,0.9428592920303340
2890, bⅤ Ⅱ Ⅲ bⅤ bⅡ Ⅲ Ⅶ,*,0.9428592920303340
2218,Ⅳm7-5 bⅤ,*,0.9427836537361140
2759,Ⅲm7 bⅢaug Ⅴ bⅡm7-5,*,0.9426661729812620
1154, bⅦ#m Ⅰ,*,0.9425962567329410
2765, bⅦ Ⅳ,*,0.9425432085990910
1370, Ⅳ,*,0.9424237608909610
437, Ⅳ,*,0.9422814846038820
413, Ⅳ#dim Ⅳ/Ⅰ Ⅴ,*,0.9422814846038820
1616, Ⅳ Ⅴ bⅢ#m bⅥ#m,*,0.9422364830970760
1347, Ⅴ#m Ⅳ#,*,0.9418334364891050
1780, Ⅴ,*,0.9418073892593380
1772, bⅥ Ⅳ# bⅥ Ⅰ#,*,0.9414955973625180
894,Ⅲmaj7 Ⅶ/Ⅱ# Ⅰ#m Ⅶ Ⅶ7,*,0.9414127469062800
910,Ⅲmaj7 Ⅶ/Ⅱ# Ⅰ#m Ⅶ,*,0.9412488341331480
1609,bⅦ#m7-5 bⅢ# bⅥ#m Ⅴ Ⅳ#m7-5,*,0.9412224888801580
2798, Ⅴ#m Ⅲ Ⅳ# Ⅶ Ⅳ#/Ⅵ#,*,0.9411851167678830
2794,Ⅶ/Ⅱ# Ⅲ Ⅳ#sus4,*,0.9411554336547850
793,Ⅶ7,*,0.9409459233284000
1452,Ⅳ Ⅲ7,*,0.9409053921699520
855, Ⅴ Ⅲ/Ⅴ#,*,0.940879225730896
282,Ⅳ Ⅲ7 Ⅵm Ⅴm Ⅰ,*,0.9407911896705630
285,Ⅳ Ⅲ7 bⅦmaj7,*,0.9406338930130000
629, bⅢ#m Ⅳ,*,0.9406063556671140
1531,Ⅳ Ⅴ Ⅲm7 Ⅵm7,*,0.9404346942901610
2624, Ⅳ Ⅴ Ⅰ,*,0.9404106736183170
1982,Ⅶ bⅡ bⅦm7 bⅢm7 Ⅶ bⅡ,*,0.9402873516082760
2188, Ⅲ#m Ⅵdim Ⅵ#m Ⅶ bⅡ,*,0.9396337866783140
2387,Ⅳ Ⅰ Ⅴ bⅥdim Ⅵm7,*,0.9395368695259090
134,Ⅰ#m7 Ⅶm7 Ⅰ#m7,*,0.9395339488983150
1085, Ⅳ Ⅴ Ⅵm,*,0.9394392371177670
2083,Ⅰmaj7,*,0.9392070770263670
2983,Ⅱm Ⅰ Ⅵ#maj7 Ⅳ,*,0.9391735792160030
2031, Ⅰ/bⅢ# Ⅳ bⅢ# Ⅵm Ⅴm,*,0.9391579627990720
477, Ⅱm Ⅳ Ⅲ,*,0.9391506314277650
1974,Ⅱm7 Ⅵm7 bⅦ Ⅳ,*,0.9391138553619380
1811,bⅥm7 bⅡm7,*,0.939100980758667
1078, Ⅴ,*,0.9390929341316220
1273, Ⅰ Ⅴ/Ⅶ Ⅲ/bⅥ,*,0.9390467405319210
1237, Ⅰ Ⅴ Ⅲ/bⅥ,*,0.9390467405319210
1275, Ⅳ Ⅰ/Ⅲ,*,0.9390467405319210
675, Ⅱ bⅢ#m,*,0.9390349984169010
1860,Ⅴ9 Ⅰ#7 Ⅱmaj7,*,0.9389174580574040
2430,Ⅰmaj7 Ⅴ/bⅦ# bⅥ#m Ⅰm,*,0.9384422898292540
2749,Ⅱ bⅡsus4 bⅢsus4,*,0.9384170770645140
466, Ⅵm Ⅰ Ⅱm Ⅳ Ⅲ,*,0.9382423162460330
685, Ⅳ/Ⅵ bⅦ Ⅰ Ⅳ Ⅰ/bⅢ#,*,0.9380227327346800
795, Ⅲm,*,0.937934637069702
414, Ⅵm Ⅴ Ⅳ/Ⅰ,*,0.9377862811088560
438, Ⅰ Ⅴ Ⅴ#dim,*,0.9377862811088560
1799,bⅥm7 bⅡm7,*,0.9376380443573000
1834,bⅥ#m7 bⅡ#m7,*,0.9376380443573000
1933, Ⅰ,*,0.937402844429016
2515,Ⅶm7 Ⅵ,*,0.9371711611747740
1765, Ⅰ#,*,0.9371423125267030
1454,Ⅳ Ⅲ7 Ⅵm7 Ⅴm7 Ⅰ7,*,0.9370751976966860
434, Ⅳ,*,0.9366832971572880
410, Ⅳ#dim Ⅳ/Ⅰ Ⅴ,*,0.9366832971572880
1131, Ⅰ,*,0.9366734623909000
1593,Ⅵm Ⅱm Ⅴ7 Ⅰ Ⅰ7,*,0.9358341693878170
462, Ⅱm Ⅳ Ⅲ,*,0.9357735514640810
1575,Ⅳmaj7 Ⅴ7 Ⅲm,*,0.935398280620575
2916, Ⅳ Ⅴ,*,0.935387372970581
2956, Ⅲm Ⅶm,*,0.935387372970581
755, Ⅳ Ⅴ,*,0.9353349804878240
1519,Ⅳ Ⅰ/Ⅲ Ⅱm7 Ⅴsus4 Ⅴ,*,0.9353232979774480
2245, Ⅳ Ⅲ,*,0.935266375541687
2455, Ⅰ bⅡ# bⅢ#m bⅦ#m,*,0.9348288178443910
1530,Ⅵm7 bⅥm7 Ⅴm7 Ⅰ,*,0.9348198771476750
21, Ⅲ Ⅵm,*,0.9348171353340150
679, Ⅱ bⅢ#m Ⅳ Ⅴ/bⅦ#,*,0.9347036480903620
2979,Ⅱmaj7 Ⅰ#m7 Ⅰmaj7 Ⅶ Ⅰ,*,0.93459552526474
788, Ⅲm Ⅰ Ⅰm,*,0.9344860315322880
2434, bⅥ#m bⅦ# bⅢ#m Ⅴ/bⅡ#,*,0.934484839439392
1645, Ⅳ#m,*,0.9344769716262820
458, Ⅱm Ⅳ Ⅲ,*,0.9343731999397280
2131, Ⅶ,*,0.934256076812744
1549,bⅤ bⅡ/Ⅲ# Ⅱ#m7 bⅥ,*,0.934140920639038
2286, Ⅱm Ⅳ Ⅲ,*,0.9340785145759580
1385, Ⅳ Ⅴ Ⅰ,*,0.934064507484436
2718, bⅤ Ⅱ Ⅲ bⅤ bⅡ Ⅲ Ⅶ,*,0.9340580105781560
2894, bⅥm bⅦm Ⅶ,*,0.9340580105781560
2144,bⅢm bⅥ Ⅱm7-5 bⅡmaj7 Ⅰm Ⅳm bⅡmaj7,*,0.9337813258171080
2756, Ⅳ,*,0.9337136149406430
2638, Ⅱ Ⅵ bⅦ#m Ⅴ,*,0.9334994554519650
2616, Ⅱ Ⅵ/Ⅰ# bⅦ#m Ⅴ,*,0.9334994554519650
1497, Ⅴ Ⅵ Ⅱ,*,0.933121383190155
2767, bⅦ Ⅳ,*,0.9331170916557310
1690, bⅢm,*,0.932934045791626
1751, Ⅳ# bⅥ Ⅳ#,*,0.932750642299652
1922, Ⅴ Ⅲm Ⅵm Ⅳm,*,0.9327077865600590
2315, Ⅵm Ⅳ,*,0.9327032566070560
2508,bⅥ#m7 bⅤ# Ⅳ Ⅶ#,*,0.93254292011261
564, Ⅱm Ⅴ,*,0.932486355304718
1158, Ⅰ,*,0.9324719309806820
1079, Ⅴ,*,0.9324107766151430
1313, Ⅴ#m Ⅳ#,*,0.9323456287384030
2266, Ⅵm,*,0.9321849942207340
1890,Ⅳ7 bⅦmaj7 Ⅰ Ⅱm7 Ⅳ7 bⅦmaj7,*,0.9320458173751830
1529, Ⅰ Ⅴ/Ⅶ,*,0.9318119287490840
890,Ⅰ#m Ⅶ Ⅶ7,*,0.9315361380577090
677, Ⅴ/bⅦ# Ⅰ,*,0.931519091129303
284,Ⅳ Ⅲ7 Ⅵm Ⅴm Ⅰ,*,0.9309712052345280
1033, Ⅰ,*,0.9308838844299320
2814,Ⅳ#sus4 Ⅳ#,*,0.9307610988616940
35, Ⅳ Ⅴ,*,0.9304212331771850
1421, bⅥ bⅡ,*,0.9304032921791080
192, Ⅵm Ⅳ,*,0.930257260799408
2790,Ⅴ#m Ⅳ#sus4 Ⅳ#,*,0.9299054145812990
212, Ⅵm Ⅳ,*,0.9298420548439030
2118,Ⅰmaj7 Ⅶ Ⅰ Ⅶ Ⅲm Ⅲ,*,0.9297919273376460
2962, Ⅴ# Ⅰ#m Ⅵ Ⅴ# Ⅵ Ⅶ,*,0.9293941855430600
2128,Ⅰmaj7 Ⅱ Ⅶm Ⅲm Ⅵm,*,0.9289253354072570
363,Ⅵmaj7 Ⅴ bⅦ,*,0.9289209842681880
2110, Ⅶ,*,0.9287509918212890
1516,Ⅳ Ⅰ/Ⅲ Ⅱm7 Ⅴ,*,0.928643524646759
1708, Ⅴ# bⅦ,*,0.9283360838890080
1028, bⅦ,*,0.9280942678451540
999, bⅥ#m Ⅴ,*,0.928032159805298
1169,bⅦmaj7 Ⅵm7 bⅦmaj7,*,0.9279473423957820
713,Ⅱm7 Ⅰ/bⅢ#,*,0.9278145432472230
302,Ⅵmaj7 Ⅴ#7,*,0.9276748895645140
2609, Ⅳ Ⅴ Ⅵm,*,0.9274529814720150
1509,Ⅳ bⅤm7-5 Ⅴ,*,0.927177906036377
1706,Ⅵm7-5 Ⅳm/Ⅴ#,*,0.9271315336227420
22, bⅥ,*,0.9271056652069090
1327, Ⅴ#m Ⅳ#,*,0.9269766807556150
1318, bⅢ#,*,0.9267479181289670
1956, Ⅰ#,*,0.9266909956932070
2136,Ⅲdim Ⅳm bⅡmaj7,*,0.9265836477279660
2185, Ⅲ#m Ⅵ#m,*,0.9261719584465030
2343, Ⅴ/Ⅶ Ⅵm Ⅳ Ⅴ Ⅳ Ⅴ Ⅵm,*,0.925944983959198
2384,Ⅳ Ⅴ Ⅵm7,*,0.9257813692092900
1857,Ⅰ#7 Ⅱmaj7 Ⅲ,*,0.9257060885429380
787,Ⅴ Ⅶ7,*,0.9255975484848020
2553,Ⅶm7 Ⅵ,*,0.9251823425292970
2554, Ⅴ Ⅱ,*,0.9251823425292970
2637, Ⅳ#m bⅦ#m Ⅲm Ⅵ,*,0.9250322580337520
3052, Ⅴ,*,0.9247053861618040
2023, Ⅱm Ⅴ Ⅰ,*,0.924452543258667
524,Ⅴ Ⅲm7/Ⅵ,*,0.9244149327278140
2512, Ⅳ Ⅶ#,*,0.92441064119339
2671, Ⅰ/bⅢ# Ⅴ Ⅳ,*,0.9243791699409480
1422, bⅤ bⅥ,*,0.9242620468139650
1737, Ⅳ# Ⅳ,*,0.9241727590560910
255,Ⅱm Ⅲ7,*,0.924081325531006
2104, bⅢdim Ⅲm Ⅰ,*,0.923957586288452
2100,Ⅰmaj7 Ⅱ Ⅶm Ⅲm,*,0.9237974882125850
1655, Ⅱ Ⅰ#,*,0.923780918121338
1321, bⅢ#,*,0.923775851726532
2684, Ⅴ bⅥ#m,*,0.9236137270927430
2330, Ⅳ Ⅴ Ⅵm,*,0.9235811829566960
1759, bⅥ,*,0.9234793782234190
3058, Ⅵm,*,0.9233394265174870
1927, Ⅴ Ⅲm Ⅵm Ⅱm,*,0.922936737537384
3024,Ⅲmaj7 Ⅵmaj7 Ⅶ Ⅰ#m,*,0.9226555228233340
1719, Ⅳ# Ⅳ,*,0.9226295948028560
2065, Ⅰ#/Ⅳ Ⅳ# Ⅳ bⅦm Ⅴ#m,*,0.9224828481674190
1980,Ⅶ bⅡ bⅦm7 bⅢ7 bⅥm7 bⅦ7 bⅡ,*,0.9224371910095220
887,Ⅲmaj7 Ⅶ/Ⅱ#,*,0.9222158193588260
1367, Ⅳ Ⅴ,*,0.9219226241111760
701, Ⅳ/Ⅵ bⅦ Ⅰ Ⅳ,*,0.9218133091926580
2915,Ⅳ Ⅴ Ⅲ Ⅵm7,*,0.921588659286499
2955, Ⅲm Ⅶm Ⅳ# Ⅶm,*,0.921588659286499
1041,Ⅱmaj7 Ⅲ bⅡm7 bⅤm7 bⅤm7/Ⅲ,*,0.9211758971214290
139,Ⅱmaj7 Ⅰ#m7,*,0.9209340810775760
137,Ⅱmaj7 Ⅱm7,*,0.9209340810775760
2635,bⅦ#m Ⅴ Ⅵsus4 Ⅵ,*,0.9208731055259700
3103, Ⅵm Ⅳ,*,0.920732319355011
1467,Ⅳ Ⅲ7,*,0.9203581213951110
1353, bⅢ# Ⅳ#,*,0.9200287461280820
888, Ⅰ#m Ⅶ,*,0.9200273752212520
2514,bⅤ# Ⅵsus4 Ⅵ,*,0.9197437167167660
1528,Ⅳ Ⅰ/Ⅲ Ⅱm7 Ⅴ,*,0.9193618893623350
1038,Ⅱmaj7 Ⅲ bⅡm7 bⅤm7,*,0.9193391799926760
828, Ⅰ/Ⅴ Ⅰ,*,0.9187635779380800
1072, Ⅰ/bⅢ#,*,0.9186548590660100
1680, Ⅰ#,*,0.9182754755020140
2762, Ⅴm,*,0.918243408203125
400, Ⅵm,*,0.9173358678817750
1648, Ⅳ#m,*,0.9172620177268980
2499,Ⅵm7 Ⅰm Ⅱ,*,0.9171626567840580
2931,Ⅳ Ⅰ/Ⅲ Ⅲ Ⅵm7,*,0.9169061183929440
2791, Ⅲ Ⅳ# Ⅴdim Ⅴ#m,*,0.916701078414917
2712, Ⅴ Ⅳ bⅦ Ⅰ bⅢ Ⅳ Ⅴ,*,0.916701078414917
2914,Ⅳ Ⅰ/Ⅲ Ⅲ/Ⅴ# Ⅵm7,*,0.916701078414917
2888,Ⅶ bⅤ Ⅶ Ⅰdim bⅡsus4 bⅡ bⅤ,*,0.916701078414917
2738, Ⅴ Ⅳ Ⅴ Ⅳ Ⅴ,*,0.916701078414917
962, Ⅴ Ⅳ#m,*,0.9162960648536680
281,Ⅳ Ⅲ7 bⅦmaj7,*,0.9161494374275210
1108, Ⅵm Ⅰ/bⅢ#,*,0.9160305857658390
2579, bⅥdim bⅢ# bⅥ#m,*,0.9158779978752140
2071, Ⅳ Ⅳ/Ⅵ bⅦm,*,0.915316641330719
1339, bⅢ#,*,0.9151907563209530
2137, Ⅰ,*,0.9148803353309630
1418,Ⅵ#m7 bⅥm7 bⅡ,*,0.9144807457923890
1561,Ⅵm Ⅳmaj7 Ⅴ7,*,0.9141664505004880
1644, Ⅳ#m,*,0.91382098197937
1215,bⅦmaj7,*,0.9133565425872800
1653, Ⅱ Ⅰ# Ⅳ#m Ⅵ,*,0.9133510589599610
460, Ⅱm Ⅳ Ⅲ,*,0.9132177233695980
1181, Ⅳ Ⅵ,*,0.9130088090896610
1639, bⅢm Ⅳm bⅦm bⅥm bⅡ,*,0.9128320813179020
2263, Ⅳ Ⅲ,*,0.9127835631370540
2571,bⅥdim bⅢ#7 bⅥ#m Ⅰ,*,0.9126590490341190
2386,Ⅳ Ⅰ Ⅴ Ⅵm7,*,0.9120970964431760
1066, Ⅳ,*,0.9120551347732540
2611, Ⅳ Ⅴ Ⅵm,*,0.911968469619751
1574,Ⅱm Ⅴ7 Ⅰ Ⅰ7,*,0.9119333624839780
188, Ⅵm Ⅳ,*,0.9118326902389530
1413,bⅡ Ⅲ#7,*,0.9116709232330320
2575,Ⅳ bⅢ#7 bⅥ#m Ⅰ,*,0.9114992618560790
1727, Ⅰ# Ⅳ,*,0.9109874367713930
1257,Ⅰ Ⅶm7-5 Ⅲ,*,0.910982072353363
107, Ⅳ Ⅴ,*,0.9108819365501400
105, Ⅳ Ⅴ,*,0.9103955030441280
211, Ⅰ Ⅴ,*,0.9103724956512450
374,Ⅱmaj7 Ⅱ/Ⅲ,*,0.9103516936302180
2717, bⅢm Ⅶ,*,0.9102539420127870
2893,bⅡm7 bⅡm7/bⅤ bⅤ7,*,0.9102539420127870
516,Ⅱmaj7 Ⅵm7 Ⅴ,*,0.9101535677909850
249,Ⅱm Ⅲ7,*,0.9099411964416500
1307, Ⅴ#m Ⅳ# bⅢ#,*,0.9099355936050420
2543, bⅡ#dim bⅢ,*,0.9096513390541080
122,Ⅶm7 Ⅰ#m7,*,0.909593403339386
692,Ⅱm7 Ⅰ/bⅢ#,*,0.9093015789985660
2319, Ⅵm Ⅳ,*,0.9091323614120490
2287, Ⅵm,*,0.909083902835846
2760, Ⅰ Ⅰ/Ⅱ,*,0.9087875485420230
2086,Ⅰmaj7,*,0.9086636304855350
2623, Ⅳ Ⅴ Ⅰ,*,0.9086534976959230
2304, Ⅵm Ⅳ,*,0.9084894061088560
1214, Ⅰ,*,0.9084820747375490
1305, Ⅴ#m Ⅳ# bⅢ#,*,0.9083157181739810
2943, Ⅳ Ⅰ Ⅲ Ⅵm,*,0.9078916907310490
2568, Ⅰ Ⅳ,*,0.9070878624916080
1190, Ⅰ,*,0.9068960547447200
937, Ⅳ#/bⅦ bⅦ#m bⅦaug Ⅵ,*,0.9068351984024050
2753,Ⅴ Ⅰmaj7 Ⅶ7,*,0.9067628383636480
1984,bⅢm7 bⅦm7 Ⅶ bⅢ7,*,0.9066819548606870
827, Ⅰ/Ⅲ Ⅳ,*,0.906648337841034
2425, Ⅰ bⅡ# bⅢdim bⅢ#m,*,0.9064606428146360
2439, Ⅰ bⅦ# bⅢ#m,*,0.9064606428146360
1244, Ⅵm Ⅲ/bⅥ,*,0.904757559299469
1959, Ⅴ# Ⅳm bⅦm Ⅳ#,*,0.904528260231018
896, Ⅰ#m Ⅶ,*,0.9044235348701480
2352, Ⅰm Ⅴ/Ⅶ bⅢ/bⅦ Ⅳ/Ⅵ bⅥ,*,0.904292106628418
2758,Ⅴ Ⅰmaj7 Ⅶ7,*,0.9042729139328000
2627, Ⅳ Ⅴ Ⅲm Ⅵm,*,0.9040687680244450
2612, Ⅳ Ⅴ Ⅰ,*,0.9040687680244450
2746,Ⅶmaj7 ⅦmM7 Ⅶm6,*,0.9039658904075620
2002,Ⅰ Ⅱ bⅦ#m7 Ⅲm7 Ⅰ Ⅱ Ⅴ Ⅳ Ⅴ,*,0.9039162993431090
1629, bⅡ#m bⅢ# bⅥ#m,*,0.903794288635254
1480, Ⅳ Ⅴ,*,0.9037293195724490
2785,Ⅲm7 bⅢaug Ⅴ bⅡm7-5,*,0.9033744931221010
2732,Ⅴ Ⅴm Ⅱsus4,*,0.9033744931221010
2908, Ⅴ Ⅳ bⅦ Ⅰ bⅢ Ⅳ Ⅴ,*,0.9033744931221010
638, Ⅴ/bⅦ# Ⅰ,*,0.9033692479133610
829, Ⅰ/Ⅲ Ⅳ,*,0.9032785892486570
3038, Ⅳ Ⅵm,*,0.9032596945762630
2659, Ⅳ Ⅴ bⅥ#m Ⅰ,*,0.9026577472686770
1340, Ⅴ#m Ⅳ# bⅢ#,*,0.9025643467903140
1877,Ⅰ7 Ⅴm7,*,0.9021226167678830
2163, Ⅲm bⅥdim Ⅵm bⅦ,*,0.9019286036491390
2574, Ⅳ Ⅴ bⅥ#m Ⅰ,*,0.90191251039505
1306, Ⅴ#m Ⅳ# bⅢ#,*,0.9012542963027950
1962, Ⅳ,*,0.9012130498886110
777,Ⅴ Ⅶ7,*,0.901129961013794
1061,Ⅱmaj7 Ⅲ bⅡm7 bⅤm7 bⅤm7/Ⅲ,*,0.9010820388793940
2902,Ⅵm7 Ⅴ Ⅰmaj7 Ⅵm7/Ⅱ bⅢ Ⅳ,*,0.9007532000541690
2726, Ⅳ,*,0.9007532000541690
674, Ⅴ/bⅦ# Ⅰ,*,0.9002119302749630
1323, Ⅴ#m Ⅳ# bⅢ#,*,0.8999306559562680
367,Ⅵmaj7 Ⅴ bⅦ,*,0.8999297618865970
1997,bⅤ bⅦ7 bⅢm7 bⅡm7 bⅤ,*,0.8996085524559020
1670, Ⅵ,*,0.8995848298072820
2408,Ⅵm7 Ⅳ Ⅰ Ⅴ,*,0.8987964987754820
2860,Ⅱmaj7 bⅡ7 bⅤm,*,0.8986597061157230
405, Ⅵm Ⅴ,*,0.8985660076141360
2495,Ⅰ Ⅱ Ⅶ7,*,0.8985240459442140
1387,Ⅲm7 Ⅵm7,*,0.8984888195991520
1807,Ⅵmaj7 bⅥ7 bⅡm7 Ⅱ Ⅲ,*,0.8984110951423650
1595,Ⅱm Ⅲ7 Ⅵm bⅥm,*,0.8979276418685910
1963, bⅦm,*,0.8975682258605960
901,Ⅲmaj7 Ⅶ/Ⅱ#,*,0.897479772567749
2777, Ⅱ,*,0.8974154591560360
2691,Ⅴ bⅥ#m bⅥ#7 Ⅳ,*,0.8973780870437620
1398,Ⅲm7 Ⅵm7,*,0.89725661277771
1420,Ⅲ#m7 Ⅵ#m7 bⅤ,*,0.8972451686859130
1594,Ⅳmaj7 Ⅴ7 Ⅲm Ⅵm,*,0.8970418572425840
1665, Ⅳ#m,*,0.8967580795288090
3009,Ⅲmaj7 Ⅵmaj7 Ⅶ Ⅰ#m,*,0.8967124819755550
19,bⅥ6 Ⅴ Ⅳ,*,0.8966968655586240
2089,Ⅰmaj7,*,0.8965969085693360
2778,Ⅴ Ⅴm Ⅱsus4,*,0.896023690700531
555, Ⅳ,*,0.8959944248199460
301,Ⅱmaj7,*,0.8956524133682250
1856,Ⅱmaj7 Ⅰ#7 Ⅴ#m7 Ⅴ9,*,0.8953930735588070
1362, Ⅵm Ⅴ Ⅳ,*,0.8950609564781190
2763, bⅦ Ⅳ,*,0.8949413895607000
1682, Ⅳ#m,*,0.8947899341583250
2828,Ⅶm7 bⅡm7,*,0.8947227001190190
752, Ⅳ Ⅴ,*,0.8944399356842040
1493,Ⅴ bⅤ7,*,0.8944220542907720
187, Ⅰ Ⅴ,*,0.8938870429992680
742, Ⅳ Ⅴ Ⅵm,*,0.8933659791946410
893,Ⅲmaj7 Ⅶ/Ⅱ# Ⅰ#m Ⅶ Ⅶ7,*,0.8932350277900700
967, Ⅳ#m bⅦ#,*,0.8926618099212650
530,Ⅶm7 Ⅵm7,*,0.8922017216682430
2693, Ⅴ bⅥ#m,*,0.8918409943580630
445, Ⅵm Ⅰ,*,0.8914516568183900
1560,Ⅰ Ⅳmaj7 Ⅴ7 Ⅲm,*,0.8908205032348630
1031, bⅥ#m Ⅴm,*,0.8903914093971250
569, Ⅴ,*,0.8902040123939510
1406,Ⅳ Ⅴ Ⅲ7 bⅥdim Ⅵ,*,0.8901283740997310
1571,Ⅳmaj7 Ⅴ7 Ⅲm Ⅵm,*,0.8896453976631170
1671, Ⅱ bⅦ#m,*,0.8888999819755550
1813,bⅡm7 Ⅱ Ⅲ,*,0.8882322907447820
2905,Ⅴ Ⅰmaj7 Ⅶ7,*,0.8876971006393430
2729,Ⅲm7 bⅢaug Ⅴ bⅡm7-5,*,0.8876971006393430
2782, Ⅳ,*,0.8876971006393430
2308, Ⅳ Ⅴ Ⅲ,*,0.8876634836196900
2676, Ⅳ Ⅴ bⅢ#m bⅥ#m,*,0.8875926733016970
815,Ⅶ7,*,0.8874285221099850
1496,Ⅴ Ⅵ bⅤ7/Ⅵ# Ⅶm7,*,0.8873607516288760
1245, Ⅰ Ⅴ Ⅲ/bⅥ Ⅵm,*,0.8869926333427430
2741, bⅤ Ⅲ bⅤ,*,0.8869668841362
1517, Ⅰ Ⅴ/Ⅶ,*,0.8868914842605590
927, bⅢ#m,*,0.8863612413406370
2548, Ⅲ,*,0.8861711621284490
889,Ⅲmaj7 Ⅶ/Ⅱ#,*,0.8860434293746950
762, Ⅳ Ⅴ Ⅵm,*,0.8857876062393190
772, Ⅳ Ⅴ Ⅵm,*,0.8857595324516300
2253,Ⅳmaj7 Ⅲ,*,0.8854718804359440
1981,bⅤ bⅦ7 bⅢm7 bⅡm7 bⅤ,*,0.8853890299797060
189, Ⅰ Ⅴ,*,0.8850417733192440
2521, Ⅴ Ⅱ,*,0.8850090503692630
1971,Ⅱm7 Ⅵm7 bⅦ Ⅳ Ⅰ,*,0.8849079608917240
1722, bⅥ,*,0.8844429850578310
2271,Ⅳmaj7 Ⅲ,*,0.884080171585083
636, bⅥ#m bⅢ,*,0.8830705881118770
3012,Ⅲmaj7 Ⅵmaj7 Ⅶ Ⅰ#m,*,0.8829968571662900
1839,bⅦmaj7 Ⅶ#,*,0.8818950057029720
839, Ⅵm/Ⅴ# Ⅳ Ⅴ Ⅰ,*,0.8818037509918210
3053, Ⅵm Ⅰ Ⅳ Ⅱm Ⅴ#dim,*,0.8813359141349790
2010, Ⅳ bⅢ#,*,0.8811424970626830
1874,Ⅴ#7 Ⅰ#maj7 Ⅰ7 Ⅴ#,*,0.881100594997406
566, bⅢ#m,*,0.881036102771759
568, bⅢ#m Ⅱm,*,0.881036102771759
2633, Ⅲm Ⅴm,*,0.8807098269462590
1176,bⅢ bⅦmaj7,*,0.880700945854187
1360, Ⅵm Ⅴ,*,0.8806770443916320
1615, bⅡ#m bⅢ# bⅥ#m Ⅴm Ⅰ,*,0.8805054426193240
2201,Ⅲmaj7 bⅤ/Ⅲ bⅢm bⅥm,*,0.8801746964454650
1926, Ⅵm Ⅴm Ⅰ Ⅳ,*,0.8801010251045230
1144, bⅦ#m Ⅰ,*,0.8795809745788570
3080, Ⅵm Ⅳ Ⅴ,*,0.8787083029747010
1429,Ⅳ Ⅴ Ⅲm7 Ⅵm7,*,0.8784485459327700
2742,Ⅶ bⅤ Ⅶ Ⅰdim bⅡsus4 bⅡ bⅤ,*,0.878166913986206
463, Ⅵm Ⅰ Ⅱm Ⅳ Ⅲ,*,0.878136157989502
780, Ⅲm Ⅰ Ⅰm,*,0.8781255483627320
1081, Ⅳ Ⅴ Ⅵm,*,0.8779435753822330
2498,Ⅰ Ⅴ Ⅶ7 Ⅲm7,*,0.8770949244499210
120,Ⅰ#m7 Ⅶm7 Ⅰ#m7,*,0.8770595788955690
1048,Ⅱmaj7 Ⅲ bⅡm7 bⅤm7 Ⅵ,*,0.8767529129982000
2423, Ⅰ bⅢdim bⅢ#m Ⅴ/bⅡ#,*,0.8765725493431090
929, Ⅴ,*,0.8764615058898930
934, Ⅱ Ⅴ,*,0.8764615058898930
1564,Ⅱm Ⅲ7 Ⅵm Ⅴm,*,0.8763704895973210
2038, Ⅵm Ⅱm,*,0.8761436939239500
2217, Ⅲm,*,0.8760585784912110
2177,Ⅳ Ⅴ Ⅲ7 Ⅵsus4 Ⅵ Ⅴ,*,0.8760058879852300
3089, Ⅵm Ⅳ,*,0.8757337331771850
2186,bⅤ Ⅲ#7 Ⅵdim Ⅵ#m Ⅶ bⅡ,*,0.8743060231208800
1599,Ⅵm Ⅱm Ⅴ7 Ⅰ,*,0.8741832971572880
2385,Ⅱsus4 Ⅱ,*,0.8738619685173040
2183,Ⅳ Ⅲ7,*,0.8736585378646850
1335, Ⅴ#m,*,0.8730839490890500
1023, Ⅰ,*,0.872742235660553
2484,Ⅲm7 Ⅰ Ⅱ Ⅴ Ⅶ7,*,0.872624397277832
922, bⅦ#m,*,0.8726240992546080
3076, Ⅵm Ⅳ,*,0.8723251223564150
2906,Ⅲm7 bⅢaug Ⅴ bⅡm7-5,*,0.8715847134590150
2783,Ⅴ Ⅴm Ⅱsus4,*,0.8715847134590150
2730,Ⅵm7 Ⅴ Ⅰmaj7 Ⅵm7/Ⅱ bⅢ Ⅳ,*,0.8715847134590150
1588,Ⅰ Ⅳmaj7 Ⅴ7 Ⅲm Ⅵm,*,0.8711475133895870
1491,Ⅴ bⅤ7 Ⅶm7 Ⅵm7 Ⅱ7,*,0.8709318041801450
2085, Ⅶ Ⅲm Ⅲ,*,0.8707693815231320
1499, Ⅴ Ⅵ,*,0.8704936504364010
2843,Ⅶm7 bⅡm7 bⅤm,*,0.8695682287216190
3056, Ⅳ Ⅴ Ⅵm Ⅴ,*,0.8695355653762820
2359, Ⅰ/Ⅲ Ⅳ Ⅴ Ⅵm,*,0.8688850402832030
2787, Ⅴ Ⅳ bⅦ Ⅰ bⅢ Ⅳ Ⅴ,*,0.868703305721283
2708,Ⅴ Ⅴm Ⅱsus4,*,0.868703305721283
2910, Ⅰ Ⅳ Ⅴ Ⅵm,*,0.868703305721283
2734,Ⅲm7 bⅢaug Ⅴ bⅡm7-5,*,0.868703305721283
1382,Ⅰ Ⅳ Ⅴ bⅥdim Ⅵm7,*,0.8684187531471250
2240, Ⅵm,*,0.8683059215545650
2393,Ⅳ Ⅰ Ⅴ Ⅵm7,*,0.8682547807693480
1558,Ⅳmaj7 Ⅴ7 Ⅲm Ⅵm,*,0.8680427670478820
2445, Ⅰ Ⅴ/bⅦ#,*,0.8677724599838260
1326, bⅢ#,*,0.8672055006027220
1696, bⅢ# Ⅳ#,*,0.8666112422943120
817, Ⅰ Ⅰm,*,0.8663586974143980
842, Ⅴ Ⅰ,*,0.8658799529075620
2771, Ⅱ bⅡ Ⅰ Ⅶ bⅦ Ⅵ,*,0.8657288551330570
24, Ⅲ Ⅵm,*,0.8654280304908750
1089, Ⅳ,*,0.8653818964958190
1091, Ⅰ/bⅢ#,*,0.8653818964958190
2919, Ⅳ Ⅰ/Ⅲ Ⅲ Ⅵm,*,0.8652452230453490
2935, Ⅳ Ⅰ/Ⅲ Ⅲ/Ⅴ# Ⅵm,*,0.8652452230453490
2242, Ⅵm,*,0.8651629686355590
1469, Ⅳ Ⅴ,*,0.8651583194732670
2164,Ⅳ Ⅲ7,*,0.8651462197303770
1358, Ⅴ,*,0.8649427890777590
2021, bⅦ Ⅰ Ⅳ Ⅴ,*,0.8635832667350770
1436,Ⅳ Ⅲ7 Ⅵm7 Ⅴm7 Ⅰ7,*,0.8633041381835940
1309, bⅢ# Ⅴ#m,*,0.8630996346473690
2663, Ⅴ bⅥ#m,*,0.8628993630409240
2220,Ⅲmaj7 bⅢm bⅥm,*,0.8623002171516420
1251, Ⅰ Ⅴ Ⅲ/bⅥ,*,0.8622352480888370
1393,Ⅳ Ⅴ Ⅲm7 Ⅵm7,*,0.8619808554649350
1656, Ⅴ Ⅵ,*,0.8616868257522580
1555,Ⅵ#m7 Ⅵm7 bⅥm7 bⅡ,*,0.8613340258598330
2858,Ⅶm7 bⅡm7 Ⅱ Ⅲ,*,0.8608245849609380
656, bⅥ#m bⅢ,*,0.8604041337966920
882, Ⅰ#m Ⅶ,*,0.8600608706474300
126,Ⅶm7 Ⅰ#m7,*,0.8600204586982730
276,Ⅳ Ⅲ7 Ⅵm Ⅴm Ⅰ,*,0.8596659302711490
749, Ⅴ Ⅲ/Ⅴ# Ⅳ,*,0.8593379855155950
587, Ⅴ,*,0.8581372499465940
1018, bⅥ#m,*,0.8580822944641110
1075, Ⅱm,*,0.857999861240387
2823, Ⅶ Ⅲ/Ⅶ Ⅶ,*,0.8576802611351010
2293,Ⅵm ⅥmM7 Ⅵm7 bⅤm7-5,*,0.8572571873664860
1725, Ⅰ#,*,0.8571584820747380
1783, Ⅱ,*,0.8571584820747380
928, Ⅳ#m bⅦ#,*,0.8567467331886290
578, Ⅱm Ⅴ,*,0.856698215007782
1361, Ⅳ,*,0.8564123511314390
489, Ⅱm Ⅳ Ⅲ,*,0.8563786149024960
2200, bⅤ Ⅶ,*,0.8563651442527770
1818,bⅤm7 bⅥ7 bⅡm7 Ⅶm7 Ⅲ7,*,0.8555685877799990
2053, Ⅳm Ⅴ bⅢ#,*,0.8553692698478700
3115, Ⅴ# Ⅰ#,*,0.8552777767181400
83, Ⅴ,*,0.8551294803619390
2475,Ⅰ Ⅴ Ⅶ7 Ⅲm7,*,0.8550664186477660
2063, Ⅴ Ⅰ Ⅰ#,*,0.8549990057945250
190, Ⅵm Ⅳ,*,0.8547187447547910
1698, Ⅴm,*,0.8542426228523250
1476,Ⅳ Ⅲ7 Ⅵm7 Ⅰ,*,0.8538236618041990
2106, Ⅲm,*,0.8537912964820860
2596, Ⅳ Ⅴ,*,0.8532984256744390
1507,Ⅳ Ⅰ/Ⅲ Ⅱm7 Ⅴ,*,0.8520612716674810
1579,Ⅰ7 Ⅳmaj7 Ⅴ7 Ⅳmaj7,*,0.8510951399803160
1337, Ⅴ#m Ⅳ# bⅢ#,*,0.8505085706710820
559, Ⅴ Ⅰ Ⅱm,*,0.8503276109695440
571, Ⅴ bⅥ#m,*,0.8501456379890440
402, Ⅳ#dim Ⅳ Ⅴ,*,0.850029706954956
1136, Ⅴ bⅥ#m bⅦ#m,*,0.848312258720398
1875,Ⅴ#7 Ⅰ#maj7 Ⅱ# Ⅳm7,*,0.8478564620018010
86, Ⅴ,*,0.8476760983467100
3064, Ⅰ Ⅳ Ⅱm Ⅴ#dim,*,0.846569836139679
938, bⅢ#m,*,0.846267819404602
207, Ⅰ Ⅴ,*,0.8454234004020690
2640, Ⅵ/Ⅰ#,*,0.8450075387954710
1357, Ⅵm,*,0.8437291979789730
944, bⅦ#m,*,0.8434099555015560
447, Ⅵm Ⅰ,*,0.8428311347961430
2356,Ⅱ Ⅲ bⅡm7 bⅤm,*,0.8425541520118710
3022,Ⅲmaj7 Ⅵmaj7 Ⅶ Ⅰ#m,*,0.842487633228302
2982, Ⅵ# Ⅵ,*,0.8422942161560060
1604, Ⅴ Ⅰ bⅢ#,*,0.8422344326972960
1677, Ⅳ#m,*,0.8421255350112920
1985,bⅢm7 bⅦm7 Ⅶ bⅤ bⅡ,*,0.8413552641868590
2180,Ⅳ Ⅲ7 bⅥdim Ⅵm bⅦ Ⅰ,*,0.8412079215049740
1912, Ⅲm,*,0.8407668471336370
1993,bⅢm7 bⅦm7 Ⅶ bⅤ bⅡ/Ⅳ,*,0.8405857086181640
1717, bⅦm bⅥm Ⅰ#,*,0.8398281931877140
1748, Ⅳm bⅦm Ⅰ#,*,0.8392541408538820
3020,Ⅲmaj7 Ⅵmaj7 Ⅶ Ⅰ#m,*,0.8388091325759890
186, Ⅵm Ⅳ,*,0.8381838798522950
2339, Ⅵm Ⅳ Ⅴ Ⅲ,*,0.8379064798355100
1542,Ⅵm7 Ⅴm7 Ⅰ,*,0.8376513719558720
1944, Ⅲm Ⅰ Ⅱ,*,0.8373234868049620
841, Ⅰ/Ⅲ Ⅳ,*,0.8354916572570800
2855,Ⅱmaj7 bⅡ7 bⅤm,*,0.8351573944091800
2254,Ⅵm Ⅰ Ⅳmaj7 Ⅲ,*,0.8344743847846990
2549, Ⅲ bⅤ#dim,*,0.833487868309021
2960,Ⅵ Ⅴ#sus4 Ⅴ#,*,0.8332388401031490
2246, Ⅵm Ⅳ,*,0.8328806161880490
1282,Ⅲm7 Ⅶm7,*,0.8327265381813050
1638, Ⅳ# bⅥ Ⅳm bⅦm,*,0.83223956823349
2944, Ⅳ Ⅴ,*,0.831610918045044
1285,Ⅲm7 Ⅶm7 Ⅰ Ⅴ Ⅱ/Ⅳ#,*,0.8314929604530330
2733,Ⅴ Ⅰmaj7 Ⅶ7,*,0.8305218815803530
2909, Ⅰ Ⅳ Ⅴ Ⅵm,*,0.8305218815803530
2786, Ⅰ Ⅰ/Ⅱ,*,0.8305218815803530
2234,Ⅰ7 Ⅱm Ⅲ7 Ⅰ Ⅰ7,*,0.8303402662277220
2037, Ⅴm Ⅰ Ⅳ Ⅴ bⅢ#m,*,0.8300358653068540
2058, Ⅴ Ⅰ,*,0.8293502926826480
100, Ⅰ Ⅴ/Ⅶ,*,0.8289699554443360
2744, bⅤ Ⅱ Ⅲ bⅤ bⅡ Ⅲ Ⅶ,*,0.8280369639396670
184, Ⅵm Ⅳ,*,0.8276234865188600
2999,Ⅲmaj7 Ⅵmaj7 Ⅶ Ⅰ#m,*,0.8258635997772220
247,Ⅱm Ⅲ7,*,0.8255172967910770
747, Ⅳ Ⅴ Ⅰ,*,0.825516402721405
2958,Ⅰ#m Ⅶ Ⅵmaj7 Ⅲ,*,0.8254142999649050
2804, Ⅶ/Ⅱ# Ⅲ Ⅳ# Ⅴdim Ⅴ#m,*,0.823318362236023
3121, bⅦm Ⅳ# Ⅴ# Ⅰ#,*,0.8231092691421510
3085, Ⅵm Ⅳ Ⅴ Ⅰ,*,0.8231092691421510
2317, Ⅵm Ⅳ,*,0.8225409984588620
2942, Ⅵm Ⅳ Ⅰ Ⅲ/Ⅴ# Ⅵm,*,0.8223504424095150
2926, Ⅰ/Ⅲ Ⅳ Ⅴ Ⅵm,*,0.8223504424095150
2950, Ⅰ/Ⅲ Ⅳ Ⅴ Ⅰ,*,0.8223504424095150
191, Ⅰ Ⅴ,*,0.821761965751648
895,Ⅲmaj7 Ⅶ/Ⅱ#,*,0.8210708498954770
2323,Ⅳ Ⅴsus4 Ⅴ Ⅲ,*,0.8210386037826540
74, Ⅴ,*,0.8201255798339840
2033, bⅢ#m Ⅵm Ⅴ Ⅳ,*,0.81980299949646
1076, Ⅰ/bⅢ#,*,0.8197568655014040
517,Ⅲm7/Ⅵ,*,0.8194790482521060
2621, Ⅳ Ⅴ Ⅰ,*,0.819161593914032
1652, Ⅱ Ⅰ# Ⅳ#m,*,0.8189888596534730
3015,Ⅲmaj7 Ⅵmaj7 Ⅶ Ⅰ#m,*,0.8186116814613340
450, Ⅱm Ⅳ Ⅲ,*,0.8180103898048400
1258, Ⅵm Ⅲ/bⅥ,*,0.8177438974380490
526,Ⅱmaj7 Ⅵm7 Ⅴ,*,0.8176040053367620
2608, Ⅳ Ⅴ Ⅰ,*,0.8166847229003910
531, Ⅴ,*,0.8146231770515440
1256, Ⅵm Ⅲ/bⅥ Ⅴ/Ⅶ,*,0.8136427402496340
1756, bⅥ,*,0.8111454844474790
2527,bⅥ#m7 bⅤ# Ⅳ Ⅶ#,*,0.8109062910079960
3044, Ⅰ Ⅳ Ⅱm Ⅴ#dim,*,0.8106040358543400
3046, Ⅰ,*,0.8106040358543400
3066, Ⅵm Ⅳ Ⅴ,*,0.8106040358543400
3055, Ⅴ Ⅵm Ⅴ,*,0.8106040358543400
3057, Ⅳ Ⅴ,*,0.8106040358543400
2125,Ⅰmaj7,*,0.8102137446403500
1506,Ⅰ Ⅴ/Ⅶ Ⅵm7 Ⅰ/Ⅴ,*,0.8091639876365660
2655, bⅥ#m Ⅴ,*,0.8086562156677250
1417,bⅡ Ⅲ#7,*,0.8055696487426760
2447, Ⅰ bⅡ#/Ⅰ bⅦ# bⅢ#m,*,0.8055374622344970
1408,Ⅰ Ⅲ7,*,0.8054994344711300
581, bⅢ#m Ⅱm,*,0.8054230809211730
2965, Ⅴ Ⅱ,*,0.8038533329963680
2978,Ⅰmaj7 Ⅲ,*,0.8038533329963680
401, Ⅴ,*,0.8033133745193480
2779,Ⅴ Ⅰmaj7 Ⅶ7,*,0.802825927734375
404, Ⅳ#dim Ⅳ Ⅴ,*,0.8020785450935360
1986,bⅢm7 bⅦm7 Ⅶ bⅤ bⅡ/Ⅳ,*,0.802049458026886
757, Ⅳ Ⅲ,*,0.8014572858810430
1650, Ⅱ,*,0.7999120354652410
436, Ⅵm,*,0.798803985118866
412, Ⅵm Ⅴ,*,0.798803985118866
2248, Ⅵm,*,0.7988027334213260
789,Ⅴ Ⅶ7,*,0.7978322505950930
1044,Ⅱmaj7 Ⅲ bⅡm7 bⅤm7 bⅤm7/Ⅲ,*,0.7973971962928770
416, Ⅵm Ⅴ,*,0.7963849902153020
2932, Ⅳ Ⅴ,*,0.7955431342124940
2102,Ⅴ Ⅰmaj7,*,0.794391930103302
1314, bⅢ#,*,0.7936135530471800
2187, bⅤ bⅥ,*,0.7930141687393190
375,Ⅵmaj7 Ⅴ bⅦ,*,0.791761577129364
1916, Ⅱ Ⅴ,*,0.791684627532959
921, Ⅴ Ⅳ#m,*,0.7914309501647950
2658, Ⅳ Ⅴ bⅢ#m bⅥ#m,*,0.7914254665374760
2112,Ⅰmaj7,*,0.7903233766555790
2482, Ⅰ Ⅴ Ⅱ,*,0.7892438769340520
2115, Ⅵm Ⅶ Ⅲm Ⅱm,*,0.7892133593559270
1934, Ⅳm Ⅰ,*,0.7890204191207890
2235,Ⅳmaj7 Ⅴ Ⅲm,*,0.7881879806518560
1897,Ⅵ7 Ⅱmaj7 Ⅰ#7 Ⅴ#m7,*,0.7876527905464170
1484,Ⅲm7 Ⅵm7,*,0.7862457633018490
403, Ⅵm Ⅴ,*,0.7862083315849300
989, Ⅳ,*,0.7857307195663450
936, Ⅳ#,*,0.7850048542022710
1567,Ⅳmaj7 Ⅴ7 Ⅲm Ⅵ7,*,0.7847678065299990
902, Ⅰ#m Ⅶ,*,0.782581627368927
519, Ⅴ,*,0.7822327017784120
1523,Ⅳ Ⅰ/Ⅲ Ⅱm7 Ⅴ,*,0.7815828919410710
1649, Ⅳ#m,*,0.780830979347229
1183, Ⅳ bⅦ Ⅳ,*,0.7796198129653930
2576, Ⅳ Ⅴ bⅥdim bⅥ#m,*,0.77933269739151
2662, Ⅳ Ⅰ/bⅢ#,*,0.7768356800079350
2695, Ⅳ Ⅰ,*,0.7768356800079350
1757, Ⅳm bⅦm Ⅰ#,*,0.7759286165237430
3017,Ⅲmaj7 Ⅵmaj7 Ⅶ Ⅰ#m,*,0.7755869626998900
1701, Ⅴ# bⅦ,*,0.7747992277145390
2985, Ⅶm Ⅳ#m Ⅴ Ⅱ Ⅳ# Ⅶm Ⅴ Ⅳ#,*,0.7741085290908810
1964, Ⅴ#m Ⅰ#,*,0.7741054892539980
2001,Ⅴ bⅦ#7 Ⅲm7 Ⅱm7 Ⅴ,*,0.7736417055130010
1279,Ⅲm7 Ⅶm7 Ⅵm7 Ⅱ Ⅶ/Ⅱ#,*,0.7714255452156070
2666, Ⅴ bⅥ#m,*,0.7713842988014220
1492,Ⅴ Ⅵ bⅤ7 Ⅶm7,*,0.770433783531189
1427,Ⅳ Ⅴ Ⅲm7 Ⅵm7,*,0.770433783531189
1395,Ⅰ Ⅲ7,*,0.77040696144104
3068, Ⅵm Ⅳ Ⅴ Ⅰ Ⅴ/bⅦ#,*,0.7703227400779720
3048, Ⅱm Ⅴ#dim,*,0.7703227400779720
3059, Ⅴ/Ⅶ Ⅰ Ⅱm,*,0.7703227400779720
2838,Ⅶm7 bⅡ7,*,0.7687693238258360
3116, bⅦm Ⅳ#,*,0.7667149901390080
708, Ⅳ/Ⅵ bⅦ Ⅰ Ⅳ,*,0.7666889429092410
832, Ⅰ,*,0.7657613158226010
123,Ⅱmaj7 Ⅱm7,*,0.7653329372406010
1121, Ⅰ,*,0.7650864124298100
3065, Ⅵm Ⅰ Ⅳ Ⅱm Ⅴ#dim,*,0.7639908194541930
1167, Ⅳ Ⅱm,*,0.7635764479637150
2159, Ⅳ Ⅴ,*,0.7623928785324100
2457, Ⅰ bⅢdim bⅢ#m Ⅴ/bⅡ#,*,0.7621699571609500
984, bⅥ#m Ⅴ,*,0.7613987326622010
1582,Ⅳmaj7 Ⅴ7 Ⅲm Ⅵ7,*,0.7610673904418950
1773, Ⅴ bⅥ#,*,0.7576252818107610
274,Ⅳ Ⅲ7 Ⅵm Ⅴm Ⅰ,*,0.7564406394958500
2353,Ⅴsus4 Ⅲsus4 Ⅲ,*,0.7559002637863160
2821, Ⅳ#/Ⅵ# Ⅴ#m Ⅳ#,*,0.7555384635925290
99, Ⅳm,*,0.7535479664802550
2689, Ⅳ Ⅴ,*,0.7533041834831240
2332, Ⅳ Ⅴ Ⅵm,*,0.7532488107681270
1546,Ⅰ Ⅴ/Ⅶ bⅥdim Ⅵm7,*,0.752166748046875
2050, bⅢ# Ⅵm,*,0.7502999901771550
2614, Ⅱ Ⅵ/Ⅰ# bⅦ#m Ⅴ,*,0.7501853108406070
2845,Ⅱmaj7 bⅡ7 bⅤm,*,0.7493768334388730
2673, bⅥ#m Ⅴ,*,0.7488301992416380
1047,Ⅱmaj7 Ⅲ bⅡm7 bⅤm7 bⅤm7/Ⅲ,*,0.7486323118209840
733, Ⅳ/Ⅵ bⅦ Ⅰ,*,0.7483928203582760
1585,Ⅱm Ⅴ7 Ⅰ Ⅰ7,*,0.7454999089241030
2127, Ⅲ,*,0.7454959750175480
1730, Ⅳ# Ⅳ,*,0.7448968887329100
308, Ⅰ#m,*,0.7439060807228090
2453, Ⅰ bⅡ# bⅢ#m bⅦ#m,*,0.7438721656799320
2808, Ⅴ#m Ⅲ Ⅳ# Ⅶ Ⅳ#/Ⅵ#,*,0.743805468082428
700, Ⅳ/Ⅵ bⅦ Ⅰ Ⅳ Ⅰ/bⅢ#,*,0.7436870336532590
1070, Ⅳ,*,0.7415714859962460
61, Ⅳ,*,0.7412916421890260
2208, bⅡm bⅤ,*,0.7412161231040960
2607, Ⅳ Ⅴ Ⅵm,*,0.740820586681366
2259, Ⅳ Ⅲ,*,0.7400487661361690
2101, Ⅵm Ⅶ Ⅲm bⅢm Ⅱm,*,0.7395156025886540
2446, bⅥ#m bⅦ# bⅢ#m Ⅴ/bⅡ#,*,0.7394636273384090
2801,Ⅴ#m Ⅳ#sus4 Ⅳ#,*,0.7388105988502500
1525,Ⅳ bⅤm7-5 Ⅴ,*,0.7372223138809200
1728, Ⅳ# bⅥ Ⅳ#,*,0.7356309294700620
561, Ⅴ bⅥ#m,*,0.7354961037635800
1151, Ⅴ bⅥ#m,*,0.7348691821098330
1743, Ⅳ/bⅥ# bⅦm,*,0.7346243858337400
1399, Ⅳ Ⅴ,*,0.7335566282272340
1931, Ⅳm Ⅰ,*,0.7331888675689700
248, Ⅵm Ⅳ,*,0.7322086095809940
101, Ⅵm Ⅴ,*,0.7319971323013310
1949,Ⅵm Ⅱ Ⅴ Ⅴ7,*,0.7313289046287540
1338, Ⅴ#m Ⅳ#,*,0.7301737070083620
2093, Ⅲ,*,0.730120837688446
1300,Ⅲm7 Ⅶm7 Ⅰ Ⅴ Ⅱ/Ⅳ#,*,0.728391170501709
2025, Ⅴ/Ⅳ,*,0.7282595634460450
683, Ⅳ/Ⅵ bⅦ Ⅰ Ⅳ Ⅰ/bⅢ#,*,0.7267621159553530
1241, Ⅴ Ⅲ/bⅥ,*,0.7266280055046080
2189,bⅤ Ⅲ#7,*,0.7254311442375180
1884,Ⅴm7 Ⅳ#9 Ⅰ7 Ⅳm Ⅱ# Ⅱm7-5,*,0.7251916527748110
2672,Ⅰ/bⅢ# Ⅱm7 Ⅳ,*,0.7236791849136350
2891, Ⅱ Ⅵ bⅡ,*,0.7223308086395260
2715, bⅤ Ⅲ bⅤ,*,0.7223308086395260
1784, Ⅴ,*,0.719721257686615
1726, Ⅳ# bⅥ,*,0.719721257686615
1788, Ⅴ bⅥ#,*,0.719721257686615
2184, bⅤ bⅥ,*,0.7191304564476010
2067, Ⅴ# Ⅰ#,*,0.7170758843421940
1625, bⅢ# bⅥ#m bⅥ#,*,0.7162438035011290
591, bⅢ#m,*,0.7161238789558410
782, Ⅲm Ⅰ Ⅰm,*,0.7135157585144040
688, Ⅳ/Ⅵ bⅦ Ⅰ Ⅳ Ⅰ/bⅢ#,*,0.711289644241333
1738, Ⅳ/bⅥ# bⅦm,*,0.7111055850982670
518,Ⅶm7 Ⅵm7,*,0.7105474472045900
1924, Ⅰ,*,0.7101888060569760
1898,Ⅴ9 Ⅰ#7 Ⅱmaj7 Ⅲ Ⅰ#m Ⅳ#m7,*,0.7092611789703370
1520,Ⅳ Ⅴ bⅥdim Ⅵm7,*,0.7075566649436950
2204,Ⅲm Ⅳm7-5 bⅤ,*,0.7069942951202390
723, Ⅳ/Ⅵ bⅦ,*,0.7068496942520140
2610, Ⅳ Ⅴ Ⅰ,*,0.7060384750366210
2946, Ⅴ Ⅳ Ⅰ/Ⅲ Ⅲ/Ⅴ# Ⅵm,*,0.7059082388877870
1016, Ⅰ,*,0.7037662863731380
2634, bⅦ#m Ⅴ Ⅱ Ⅵ/Ⅰ#,*,0.7033243179321290
485, Ⅱm Ⅳ Ⅲ,*,0.702064573764801
1192, Ⅳ Ⅱm,*,0.7018435597419740
1204, Ⅵ,*,0.7018435597419740
995, Ⅴ,*,0.7009641528129580
2797, Ⅴ#m Ⅲ Ⅳ# Ⅶ Ⅳ#/Ⅵ#,*,0.7007187604904180
1892,Ⅳ7 bⅦmaj7,*,0.7006350755691530
1679, Ⅱ,*,0.6993898153305050
3075, Ⅳ bⅢ#,*,0.6988891363143920
2135, bⅢ,*,0.6975958347320560
2097, Ⅱ,*,0.6975958347320560
3120, bⅦm Ⅳ# Ⅴ# Ⅰ#,*,0.6972705125808720
3084, Ⅵm Ⅳ Ⅴ Ⅰ Ⅴ/bⅦ#,*,0.6972705125808720
2939, Ⅳ Ⅴ Ⅲ/Ⅴ#,*,0.6968274116516110
2923, Ⅳ Ⅰ/Ⅲ Ⅲ/Ⅴ# Ⅵm,*,0.6968274116516110
1646, Ⅱ Ⅰ# Ⅳ#m,*,0.6961717009544370
465, Ⅵm Ⅰ Ⅱm Ⅳ Ⅲ,*,0.6943573951721190
3099, Ⅵm Ⅳ,*,0.6934499144554140
931, Ⅳ#,*,0.6922944188117980
2593, Ⅳ Ⅴ bⅥ#m Ⅰ,*,0.6921370029449460
2509, Ⅳ Ⅶ# bⅢdim bⅢ#,*,0.6919946670532230
1689, bⅢ# Ⅳ#,*,0.6919437050819400
1172,bⅦmaj7 Ⅵm7 bⅦmaj7,*,0.6918228268623350
1060,Ⅶm7 bⅡm7 Ⅳmaj7 bⅡ,*,0.6883330941200260
2014, bⅢ#,*,0.6881385445594790
1397, Ⅳ Ⅴ,*,0.6877571940422060
2459, Ⅰ bⅦ# bⅢ#m,*,0.6872861981391910
1617,Ⅳ bⅦ#m7-5 bⅢ#,*,0.6861925721168520
1479,Ⅳ Ⅲ7 Ⅵm7,*,0.6853849291801450
209, Ⅰ Ⅴ,*,0.6850528120994570
592, Ⅱm Ⅴ,*,0.6846396923065190
2079,Ⅰmaj7 Ⅱ bⅢdim Ⅲm,*,0.6830553412437440
1678, Ⅳ#m,*,0.6827029585838320
3104, Ⅴ Ⅰ Ⅴ/bⅦ#,*,0.682404637336731
1827,bⅥm7 bⅡm7,*,0.6810116171836850
1808,Ⅵmaj7 Ⅶ bⅥm7 bⅡm7,*,0.679428219795227
2193,Ⅲmaj7 bⅤ bⅢm,*,0.6791667938232420
834, Ⅰ/Ⅲ Ⅳ,*,0.6788691282272340
848, Ⅰ Ⅰ/Ⅲ Ⅳ,*,0.6788691282272340
2172, Ⅲm Ⅵm bⅦ Ⅰ,*,0.6782310009002690
280, Ⅵm Ⅴm,*,0.6757742166519170
2333,Ⅳ Ⅴsus4 Ⅴ,*,0.6746826171875
686, Ⅳ/Ⅵ bⅦ Ⅰ Ⅳ,*,0.6745334267616270
2591, bⅥ#m bⅢ#m,*,0.6731685996055600
1975,bⅦ Ⅰ Ⅵm7 Ⅱ7,*,0.6726175546646120
612, Ⅱm,*,0.6724616885185240
1124, Ⅳ,*,0.6713228225708010
1965, Ⅳ# Ⅴ#,*,0.6707885265350340
46, Ⅳ Ⅴ,*,0.6702141761779790
779,Ⅴ Ⅶ7,*,0.6700316667556760
3063, Ⅳ Ⅴ Ⅳ Ⅱm Ⅴ#dim Ⅵm,*,0.6699300408363340
2536,bⅥm7 bⅤ,*,0.6692068576812740
1419, bⅤ bⅥ,*,0.6691849231719970
1600,Ⅰ7 Ⅳmaj7 Ⅴ7 Ⅳmaj7,*,0.6676121950149540
2036, bⅢ#m bⅢ#/Ⅴ# Ⅵm,*,0.6671950221061710
309,Ⅱmaj7,*,0.6665396094322210
1024, bⅢ#,*,0.6642382740974430
2664, Ⅳ Ⅴ bⅥ#m Ⅴ/bⅦ#,*,0.6602895855903630
2697, Ⅳ Ⅴ bⅥ#m,*,0.6602895855903630
140,Ⅶm7 Ⅰ#m7,*,0.6602010130882260
1796,Ⅵmaj7 Ⅶ Ⅲ,*,0.6602001786232000
1495,Ⅴ bⅤ7 Ⅶm7 Ⅵm7 Ⅱ7,*,0.6594198346138
1130, Ⅴ Ⅰ,*,0.6592558026313780
2026, bⅢ#m,*,0.6586175560951230
2129, Ⅶ Ⅲm Ⅱm,*,0.655651330947876
2835,Ⅱmaj7 bⅡ7 bⅤm,*,0.6554430723190310
2470,Ⅲm7 Ⅰ Ⅱ Ⅴ Ⅱ/Ⅳ#,*,0.6551812291145330
1895,Ⅵ7 Ⅱmaj7 Ⅰ#7 Ⅵ,*,0.6538528800010680
1447,Ⅳ Ⅴ Ⅲ7/bⅥ Ⅵm7,*,0.6535377502441410
1573,Ⅰ Ⅳmaj7 Ⅴ7 Ⅲm Ⅵm,*,0.6530800461769100
2289, Ⅱm,*,0.6524149775505070
304,Ⅵmaj7 Ⅴ#7,*,0.6517959237098690
705, Ⅳ/Ⅵ bⅦ Ⅰ Ⅳ Ⅰ/bⅢ#,*,0.6513058543205260
2306, Ⅵm Ⅳ Ⅴ,*,0.650826632976532
202, Ⅵm Ⅳ Ⅰ Ⅴ,*,0.6500166058540340
3006,Ⅲmaj7 Ⅵmaj7 Ⅶ Ⅰ#m,*,0.6478008031845090
2158,Ⅳ Ⅴ Ⅲ7 Ⅵsus4 Ⅵ,*,0.6471174359321590
1865,Ⅱmaj7,*,0.644537627696991
2584,Ⅳ#m7-5 Ⅳ Ⅴ,*,0.6444098949432370
1265,Ⅰ Ⅶm7-5 Ⅲ Ⅵm,*,0.6439667344093320
632, Ⅱ,*,0.642578125
1590,Ⅳmaj7 Ⅴ7 Ⅲm,*,0.6410994529724120
2930,Ⅳ Ⅰ/Ⅲ Ⅲ/Ⅴ# Ⅵm7,*,0.6410238146781920
2954,Ⅳ# Ⅶm Ⅴ Ⅳ#sus4 Ⅳ#,*,0.6410238146781920
1829,Ⅵmaj7,*,0.6400770545005800
2546,bⅥm7 bⅤ/bⅦ,*,0.6380417346954350
1308, Ⅴ#m Ⅳ#,*,0.636125385761261
1957, Ⅳ,*,0.6330345273017880
1563,Ⅳmaj7 Ⅴ7 Ⅲm Ⅵm,*,0.6311261057853700
131,Ⅱmaj7 Ⅰ#m7,*,0.6272231340408330
997, Ⅳ bⅥ#m,*,0.6265121698379520
2968, Ⅲm Ⅶm Ⅳ# Ⅶm,*,0.6254274249076840
1640, Ⅳ# bⅥ Ⅳ bⅦm,*,0.6247845888137820
1681, Ⅳ#m,*,0.6244615316390990
1243,Ⅰ Ⅶm7-5 Ⅲ,*,0.6243352890014650
76, Ⅳ Ⅴ,*,0.6234309077262880
278, Ⅵm Ⅴm,*,0.6230191588401790
2842,Ⅵ Ⅱmaj7 bⅡ7 bⅤm,*,0.620853841304779
2680, Ⅳ Ⅰ/bⅢ#,*,0.6204063892364500
2047, Ⅴm Ⅰ,*,0.6204009056091310
1201,bⅢ bⅦmaj7,*,0.6202924847602840
2721,bⅡm7 bⅡm7/bⅤ bⅤ7,*,0.620144784450531
2897,Ⅳsus4 Ⅳ,*,0.620144784450531
185, Ⅰ Ⅴ,*,0.6171846389770510
1978,bⅦ Ⅰ Ⅳ Ⅱ7,*,0.6162512302398680
1695, Ⅴdim Ⅴ#m,*,0.6141910552978520
130,Ⅰ#m7 Ⅶm7 Ⅰ#m7,*,0.6126136183738710
2807, Ⅴ#m Ⅲ Ⅳ# Ⅶ Ⅳ#/Ⅵ#,*,0.6121494174003600
366,Ⅱmaj7 Ⅱ/Ⅲ,*,0.6101926565170290
307,Ⅴ#7,*,0.6080585718154910
1037,Ⅱmaj7 Ⅲ bⅡm7 bⅤm7 bⅤm7/Ⅲ,*,0.607996940612793
2087, Ⅶ,*,0.6079773306846620
1694, bⅢ# Ⅳ#,*,0.6076443195343020
1961,Ⅰ# Ⅰm7-5,*,0.6064360737800600
2743, bⅢm Ⅶ,*,0.606103241443634
696,Ⅱm7 Ⅰ/bⅢ#,*,0.6057597398757940
1716, Ⅳ# Ⅳ,*,0.6052204370498660
1527,Ⅵm7 bⅥm7 Ⅴm7 Ⅰ,*,0.6038005352020260
746, Ⅵ# Ⅳ Ⅴ Ⅵm,*,0.6007802486419680
1045,Ⅱmaj7 Ⅲ bⅡm7 bⅤm7 bⅤm7/Ⅲ,*,0.5982053279876710
950, Ⅳ#m bⅦ#,*,0.5969443917274480
1752, Ⅳ Ⅳ/bⅥ# bⅦm,*,0.5953164100646970
1188, Ⅳ bⅦ Ⅳ,*,0.5932141542434690
2636, Ⅱ Ⅵ bⅦ#m Ⅴ,*,0.5926620364189150
756, Ⅵm,*,0.5922421813011170
1747, Ⅳ# bⅥ,*,0.591220498085022
2167, Ⅵm Ⅳ,*,0.587455689907074
2448, bⅥ#m bⅦ#,*,0.5872042775154110
693, Ⅳ Ⅰ/bⅢ#,*,0.5869590640068050
1150, bⅦ#m Ⅰ,*,0.5856209397315980
2055, Ⅰ/bⅢ# Ⅳ bⅢ# bⅢ#/Ⅴ# Ⅵm Ⅴm,*,0.5842344164848330
778, Ⅲm Ⅰ,*,0.5807826519012450
576, Ⅴ bⅥ#m,*,0.5764215588569640
2084,Ⅰmaj7,*,0.5761061310768130
2133, bⅦm Ⅰ Ⅳm bⅢm,*,0.5753355622291570
2078, Ⅵm Ⅶ Ⅲm Ⅲ,*,0.5753355622291570
2123,Ⅰmaj7,*,0.5730833411216740
2976, Ⅵ Ⅴ# Ⅵ Ⅶ,*,0.5719057321548460
2432,Ⅰmaj7 Ⅴ/bⅦ# bⅥ#m bⅡ#,*,0.5709906220436100
2273,ⅥmM7 Ⅵm7 bⅤm7-5 Ⅳmaj7,*,0.5688437223434450
1999,Ⅴ bⅦ#7 Ⅲm7 Ⅱm7 Ⅴ,*,0.5673629641532900
854, Ⅰ/Ⅲ Ⅳ,*,0.566836416721344
1636, Ⅳ# bⅥ Ⅳ bⅦm,*,0.5654677152633670
2876,Ⅱmaj7 bⅡ7 bⅤm,*,0.5643215179443360
2813, Ⅲ Ⅶ/Ⅱ# Ⅰ#m,*,0.5587964653968810
2802, Ⅲ Ⅳ# Ⅴdim Ⅴ#m,*,0.5587964653968810
1545,Ⅳ Ⅰ/Ⅲ Ⅱm7 Ⅴ,*,0.5541072487831120
2176, Ⅲm Ⅵm bⅦ Ⅰ,*,0.5536800622940060
2020, bⅢ#m bⅢ#/Ⅴ# Ⅵm,*,0.5521853566169740
3125,,*,0.5512972474098210
368,Ⅱmaj7 Ⅱ/Ⅲ,*,0.5454046726226810
1125, Ⅴ Ⅵm Ⅰ,*,0.5449651479721070
985, Ⅰ Ⅳ,*,0.5421454310417180
2267, Ⅱm Ⅲ,*,0.5419869422912600
2920, Ⅳ Ⅴ,*,0.5408084392547610
34, Ⅵm bⅥ,*,0.5398043394088750
339,Ⅵmaj7 Ⅴ#7 Ⅰ#m Ⅱmaj7,*,0.5396475791931150
3086, Ⅵm Ⅳ Ⅴ Ⅰ Ⅴ/bⅦ#,*,0.5382579565048220
1141, Ⅴ bⅥ#m bⅦ#m,*,0.535442590713501
1042,Ⅱmaj7 Ⅲ bⅡm7 bⅤm7,*,0.5338889956474300
3102, Ⅴ Ⅰ,*,0.5323885083198550
2009, bⅢ# Ⅵm,*,0.5308740139007570
607, Ⅰ,*,0.5279794335365300
2022, bⅢ# Ⅵm,*,0.5276718735694890
2975, Ⅴ# Ⅰ#m,*,0.5272231698036190
1844,bⅤ#m7 Ⅶ# Ⅲ#,*,0.5240089893341060
2629, Ⅱ Ⅵ/Ⅰ# bⅦ#m Ⅴ,*,0.5227705240249630
1631, bⅢm Ⅳ bⅦm bⅥm bⅡ,*,0.5218265056610110
1835,bⅤ#m7 bⅥ#7 bⅡ#m7 Ⅶ#m7 Ⅲ#7,*,0.5200742483139040
1800,bⅤm7 bⅥ7 bⅡm7 Ⅶm7 Ⅲ7,*,0.5200742483139040
409, Ⅵm Ⅴ,*,0.5199427604675290
433, Ⅵm,*,0.5199427604675290
1521, Ⅳ Ⅴ Ⅰ,*,0.5178921222686770
1450,Ⅳ Ⅲ7 Ⅵm7 Ⅴm7 Ⅰ7,*,0.515758752822876
2331, Ⅳ Ⅴ Ⅵm,*,0.5155571103096010
1551,bⅤ bⅤ#m7-5 bⅥ,*,0.5145437121391300
830, Ⅴ Ⅰ,*,0.5139212608337400
150,Ⅰ#m7 Ⅶm7 Ⅰ#m7,*,0.5117921233177190
2963,Ⅶm Ⅳ#m Ⅴ Ⅱ Ⅳ# Ⅶm Ⅶm7/Ⅵ Ⅴ Ⅳ#,*,0.5115252733230590
2990,Ⅲmaj7 Ⅵmaj7 Ⅶ Ⅰ#m,*,0.5086495876312260
2394,Ⅳ Ⅰ Ⅴ Ⅵm7,*,0.5077451467514040
2233,Ⅳmaj7 Ⅴ Ⅲm,*,0.5069617629051210
816, Ⅲm,*,0.5051714777946470
1607, bⅥ#m,*,0.5046476125717160
2964, Ⅶm Ⅳ#m,*,0.5034059882164000
1383,Ⅳ Ⅲ7 Ⅵm7 bⅦ Ⅰ,*,0.5008662939071660
3097, Ⅳ Ⅵm,*,0.5000938773155210
2485,Ⅲm7 Ⅰ Ⅶm7 Ⅶ7 Ⅲm7,*,0.5000016093254090
456, Ⅱm Ⅳ Ⅲ,*,-0.5018701553344730
2099, Ⅶ,*,-0.5024314522743230
1310, Ⅳ# bⅢ#,*,-0.5031466484069820
317,Ⅵmaj7 Ⅴ#7,*,-0.5033841729164120
2597, Ⅳ Ⅴ bⅥ#m Ⅰ,*,-0.5044116377830510
132,Ⅶm7 Ⅰ#m7,*,-0.5054048895835880
1346, bⅢ#,*,-0.506094753742218
994, bⅥ#m,*,-0.5088518261909490
2224,Ⅰ/Ⅲ Ⅳmaj7 Ⅴ/Ⅳ Ⅲm Ⅵm,*,-0.5109471082687380
2444, Ⅰ Ⅴ/bⅦ#  bⅡ#,*,-0.5114493370056150
389,Ⅵmaj7 Ⅴ,*,-0.5132925510406490
1255,Ⅰ Ⅶm7-5 Ⅲ,*,-0.5133013129234310
1911, bⅦ#,*,-0.5136090517044070
1888, Ⅰ,*,-0.5145106911659240
1538,Ⅵm7 bⅥm7 Ⅴm7 Ⅰ,*,-0.5145829916000370
1806,Ⅵmaj7 Ⅶ bⅥm7 bⅡm7,*,-0.516433835029602
1092, Ⅰm/bⅢ,*,-0.5165579915046690
245,Ⅱm Ⅲ7,*,-0.5193145275115970
645, Ⅴ/bⅦ#,*,-0.5212703943252560
299,Ⅵmaj7 Ⅴ#7,*,-0.5222703218460080
1437,Ⅳ Ⅴ Ⅲm7 Ⅵm7,*,-0.522357165813446
487, Ⅱm Ⅳ Ⅲ,*,-0.5246016979217530
982, bⅥ#m Ⅴ,*,-0.5259596705436710
2971,Ⅰ#m Ⅶ Ⅵmaj7 Ⅲ,*,-0.5286000370979310
539,Ⅶm7 Ⅵm7,*,-0.5297163724899290
1637,Ⅳ# Ⅰm7-5 Ⅳ,*,-0.5321786999702450
1311, Ⅴ#m Ⅳ#,*,-0.5341219902038570
2228,Ⅳm bⅤm7-5 Ⅴ,*,-0.5368773937225340
418, Ⅵm Ⅴ,*,-0.5370375514030460
2028, Ⅴ Ⅳ bⅢ#m Ⅵm,*,-0.5381287336349490
610, Ⅴ bⅥ#m,*,-0.5387122631073000
996, Ⅰ,*,-0.5392006635665890
1515,Ⅵm7 bⅥm7 Ⅴm7 Ⅰ,*,-0.539509117603302
2606, Ⅳ Ⅴ Ⅰ,*,-0.5422261953353880
2534,bⅤ#sus4,*,-0.5455560088157650
1547,Ⅳ bⅤm7-5 Ⅴ,*,-0.5494057536125180
250, Ⅵm Ⅳ,*,-0.5503455996513370
2530, Ⅳ Ⅶ# bⅢdim bⅢ#,*,-0.552890956401825
2641, Ⅱ Ⅵ/Ⅰ# bⅦ#m Ⅴ,*,-0.554914116859436
1550,bⅡ bⅥ/Ⅶ# Ⅵdim Ⅵ#m7,*,-0.5564714670181270
1543,Ⅳ Ⅰ/Ⅲ Ⅱm7 Ⅴ Ⅰ,*,-0.5588180422782900
1405,Ⅱm7 Ⅲ7 Ⅵm7 Ⅴm7 Ⅰ,*,-0.5592272877693180
1740, bⅦm bⅥm Ⅰ#,*,-0.563353955745697
2088, Ⅲ,*,-0.5659640431404110
1946, bⅦ#,*,-0.5660174489021300
1672, Ⅰ#,*,-0.5660691857337950
69, Ⅳ,*,-0.5707764029502870
85, Ⅳ,*,-0.5715249180793760
1508,Ⅰ Ⅴ/Ⅶ bⅥdim Ⅵm7,*,-0.5726370215415960
764, Ⅳ Ⅴ Ⅵm,*,-0.57435542345047
1059,Ⅱmaj7 Ⅲ bⅡm7 bⅤm7 bⅤm7/Ⅲ,*,-0.5757160186767580
2468, Ⅰ Ⅴ Ⅱ,*,-0.576869010925293
2681, Ⅴ bⅥ#m,*,-0.5808219909667970
1597,Ⅵ Ⅱm Ⅴ7 Ⅰ,*,-0.5812815427780150
2517, Ⅴ Ⅱ,*,-0.5844897031784060
1356, Ⅳ Ⅴ Ⅳ,*,-0.5856896638870240
1568,Ⅳmaj7 Ⅲ7 Ⅵm Ⅴm,*,-0.5896087884902950
2796, Ⅴ#m Ⅲ Ⅳ# Ⅶ Ⅳ#/Ⅵ#,*,-0.5957897901535030
279,Ⅳ Ⅲ7,*,-0.5981042385101320
3043, Ⅵm Ⅰ Ⅳ Ⅱm Ⅴ#dim Ⅵm,*,-0.5996443033218380
986, bⅥ#m,*,-0.603264570236206
2547, Ⅶ,*,-0.6038209795951840
897,Ⅲmaj7 Ⅶ/Ⅱ#,*,-0.6048229932785030
2285, Ⅰ,*,-0.6078079342842100
670, Ⅱ bⅢ#m,*,-0.6095291972160340
2160, Ⅲm Ⅵm,*,-0.6129785776138310
886, Ⅰ#m Ⅶ,*,-0.6165083050727840
666, Ⅱ bⅢ#m,*,-0.6179566383361820
1576,Ⅵm Ⅱm Ⅲ7 Ⅵm bⅥm Ⅴm,*,-0.6182070970535280
2243, Ⅳ Ⅲ,*,-0.6214025020599370
1441,Ⅳ Ⅴ Ⅲm7 Ⅵm7,*,-0.6221004724502560
1596,Ⅴm Ⅰ bⅤm7-5 Ⅴ7 Ⅲ7,*,-0.6224356889724730
1416, bⅤ bⅥ,*,-0.6230248212814330
689, Ⅳ/Ⅵ bⅦ Ⅰ Ⅳ,*,-0.6232113242149350
3107, Ⅵm Ⅳ Ⅴ,*,-0.6272638440132140
1750, bⅦm bⅥm Ⅰ#,*,-0.6282259225845340
2922, Ⅴ Ⅳ Ⅰ/Ⅲ Ⅲ/Ⅴ# Ⅵm,*,-0.630257248878479
1769, Ⅳ Ⅳ/bⅥ# bⅦm bⅦ# Ⅰ#,*,-0.6352200508117680
991, Ⅴ,*,-0.6352897882461550
2272,Ⅵm Ⅰ Ⅳmaj7 Ⅲ Ⅵm,*,-0.6382659673690800
417, Ⅳ#dim Ⅳ/Ⅰ Ⅴ,*,-0.6383718252182010
1910,Ⅴ Ⅳ#m7-5,*,-0.6388076543807980
2378,Ⅳ Ⅰ Ⅴ Ⅵm7,*,-0.6408243775367740
3081, Ⅰ Ⅴ/bⅦ#,*,-0.6408422589302060
2171, Ⅳ Ⅴ/Ⅳ,*,-0.6426941156387330
1064,Ⅱmaj7 Ⅲ bⅡm7 bⅤm7 Ⅵ,*,-0.6429086923599240
1885,Ⅰ#maj7 Ⅳm Ⅱ# bⅦm,*,-0.6432211995124820
198, Ⅵm Ⅳ,*,-0.6471356153488160
1566,Ⅵm Ⅱm Ⅴ7 Ⅰ,*,-0.6472607254982000
2312, Ⅴ/Ⅶ Ⅵm Ⅳ,*,-0.6506129503250120
2327, Ⅴ/Ⅶ Ⅵm Ⅳ Ⅴ Ⅰ,*,-0.6506129503250120
2139, bⅦm Ⅰ Ⅳm Ⅲm bⅢm,*,-0.651146411895752
2226,Ⅰ Ⅳmaj7,*,-0.651565670967102
1842,Ⅶm7-5 bⅦmaj7,*,-0.6520818471908570
2108,Ⅰmaj7,*,-0.6564156413078310
206, Ⅵm Ⅳ,*,-0.6586860418319700
2692, Ⅴ bⅥ#m Ⅳ,*,-0.6609564423561100
831, Ⅳ/Ⅵ Ⅴ/Ⅶ,*,-0.6626764535903930
2830,Ⅱmaj7 bⅡ7 bⅤm,*,-0.6651782393455510
2626, Ⅳ Ⅴ Ⅲm Ⅵm,*,-0.670509934425354
2138,bⅡmaj7 Ⅰm Ⅳm,*,-0.6710160970687870
1344, Ⅴ#m Ⅳ# bⅢ#,*,-0.6725332140922550
765, Ⅳ Ⅲ,*,-0.6749905347824100
2483,Ⅲm7 Ⅰ Ⅱ Ⅴ Ⅱ/Ⅳ#,*,-0.675605297088623
1960, Ⅴ# Ⅰ#,*,-0.6756635904312130
82, Ⅳ,*,-0.6760760545730590
668, Ⅱ Ⅴ,*,-0.6764025688171390
2887, bⅤ Ⅲ bⅤ,*,-0.6792640686035160
2711, Ⅰ Ⅰ/Ⅱ,*,-0.6792640686035160
1518,Ⅵm7 bⅥm7 Ⅴm7 Ⅰ,*,-0.6811561584472660
2107, Ⅲm,*,-0.6836103796958920
461, Ⅵm Ⅰ,*,-0.6843321919441220
2952,Ⅳ# Ⅶm Ⅴ Ⅳ#sus4 Ⅳ#,*,-0.6851862072944640
1126, Ⅰ,*,-0.6852595210075380
2856,Ⅱmaj7 bⅡ7 bⅤm7 Ⅳm7 Ⅲm7,*,-0.6858990788459780
3062, Ⅳ Ⅴ Ⅵm Ⅴ,*,-0.6859811544418340
1524,Ⅰ Ⅴ/Ⅶ bⅥdim Ⅵm7,*,-0.6890623569488530
1908, Ⅲm,*,-0.6907830238342290
2913,Ⅳ Ⅰ/Ⅲ Ⅴ Ⅵm7,*,-0.6911723017692570
2737, Ⅴ Ⅳ Ⅴ Ⅳ Ⅴ Ⅳ Ⅴ,*,-0.6911723017692570
1587,Ⅳmaj7 Ⅲ7 Ⅵm Ⅴm,*,-0.6969704031944280
1051,Ⅱmaj7 Ⅲ bⅡm7,*,-0.6978031396865850
2818, Ⅴ#m Ⅲ Ⅳ# Ⅶ Ⅳ#/Ⅵ#,*,-0.6998682022094730
2812, Ⅶ,*,-0.7025823593139650
1771, Ⅳ Ⅳ/bⅥ# bⅦm,*,-0.7029834389686580
2854,Ⅱmaj7 bⅡ7 bⅤm,*,-0.7030981183052060
3005,Ⅲmaj7 Ⅵmaj7 Ⅶ Ⅰ#m,*,-0.7062051892280580
528,Ⅱmaj7 Ⅵm7 Ⅴ,*,-0.7081812024116520
1455,Ⅳ Ⅴ Ⅲ7/bⅥ Ⅵm7,*,-0.7082280516624450
3041, Ⅴ,*,-0.7092159390449520
1802,bⅥm7 bⅡm7,*,-0.7092727422714230
1837,bⅥ#m7 bⅡ#m7,*,-0.7092727422714230
194, Ⅵm Ⅳ,*,-0.7108232975006100
2538, Ⅲ Ⅶ,*,-0.7117651700973510
1942,Ⅴ Ⅳ#m7-5,*,-0.7129718661308290
744, Ⅳ Ⅴ Ⅵm,*,-0.7133395671844480
2269,Ⅵm Ⅰ Ⅳmaj7 Ⅲ,*,-0.7135838270187380
2590,Ⅳ Ⅴ bⅢ#7,*,-0.7150300145149230
2223,Ⅲm Ⅳm7-5 bⅤ,*,-0.7159415483474730
1483,Ⅴm7 Ⅰ7 Ⅳ Ⅴ,*,-0.7168325185775760
584, Ⅰ Ⅱm,*,-0.7177546620368960
3117, Ⅴ# Ⅰ#,*,-0.7180082201957700
1731, bⅦm bⅥm Ⅰ#,*,-0.7185373902320860
697, Ⅳ Ⅰ/bⅢ#,*,-0.7197383642196660
1868,Ⅳ#m7 Ⅵ7,*,-0.7220428586006170
583, bⅢ#m Ⅱm Ⅴ,*,-0.7234574556350710
1278,Ⅲm7 Ⅶm7 Ⅵm7 Ⅱ Ⅶ/Ⅱ#,*,-0.7251167893409730
1749, Ⅳ# Ⅳ Ⅳ/bⅥ#,*,-0.7311710715293880
2174, Ⅲm Ⅵm bⅦ Ⅰ,*,-0.7320615649223330
1185, Ⅰ,*,-0.732469916343689
2654, bⅥ#m Ⅴ Ⅳ,*,-0.7329992055892940
2227, Ⅴ Ⅲm Ⅵm,*,-0.7343250513076780
2747,bⅡm7 bⅡm7/bⅤ bⅤ7,*,-0.7344506978988650
1328, bⅢ#,*,-0.7344560027122500
2980,Ⅱm Ⅰ Ⅵ#maj7 Ⅳ,*,-0.7347814440727230
2967,Ⅴ Ⅳ#sus4 Ⅳ#,*,-0.7347814440727230
2803,Ⅵ Ⅳ#sus4 Ⅳ#,*,-0.7362625002861020
1979,bⅤ bⅦ7 bⅢm7 bⅡm7 bⅤ,*,-0.7372722625732420
650, Ⅴ/bⅦ#,*,-0.7386110424995420
2045, Ⅳm Ⅰ,*,-0.7388411164283750
2322, bⅥdim Ⅵm Ⅴ/Ⅶ Ⅰ bⅥdim Ⅵm,*,-0.7404507398605350
2027, bⅢ#/Ⅴ# Ⅵm Ⅴm Ⅰ Ⅳ,*,-0.7413235306739810
129,Ⅱmaj7 Ⅱm7,*,-0.7440895438194280
1896,Ⅵ7 Ⅱmaj7 Ⅲ Ⅳ#m7,*,-0.7444549798965450
448, Ⅱm Ⅳ Ⅲ,*,-0.7477834224700930
2625, Ⅳ Ⅴ Ⅲm Ⅵm,*,-0.7484301924705510
2974,Ⅰ#m Ⅶ Ⅵmaj7 Ⅲ,*,-0.7498224377632140
1544,Ⅰ Ⅴ/Ⅶ Ⅵm7 Ⅰ/Ⅴ,*,-0.7547076940536500
1000, Ⅰ Ⅳ,*,-0.7555816769599920
406, Ⅳ#dim Ⅳ,*,-0.7587055563926700
2241, Ⅳ Ⅲ,*,-0.7602218985557560
386,Ⅱmaj7 Ⅱ/Ⅲ,*,-0.7636352181434630
10, Ⅵm bⅥ,*,-0.7644981145858770
2161,Ⅳ Ⅲ7 bⅥdim Ⅵm bⅦ Ⅰ,*,-0.7650809288024900
1392,Ⅵm7 Ⅴm7 Ⅰ,*,-0.7656846046447750
1683, Ⅱ,*,-0.7659536004066470
1336, Ⅳ# bⅢ#,*,-0.7670626640319820
2592, Ⅳ Ⅴ,*,-0.767741858959198
210, Ⅵm Ⅳ,*,-0.7678921222686770
2928, Ⅰ/Ⅲ Ⅳ Ⅴ,*,-0.7686029076576230
1569,Ⅳmaj7 Ⅴ7 Ⅲm Ⅵm,*,-0.7707772850990300
1142, Ⅰ,*,-0.7721632719039920
47, Ⅰ Ⅲ/Ⅶ Ⅵm,*,-0.7740054130554200
2379,Ⅳ Ⅰ Ⅴ Ⅵm7,*,-0.7740247249603270
2113, Ⅶ,*,-0.7752614617347720
872, Ⅰ Ⅳ Ⅴ Ⅲ/Ⅴ# Ⅵm,*,-0.7776563167572020
2261, Ⅳ Ⅲ,*,-0.7791987657547000
2531, Ⅳ Ⅶ#,*,-0.7823753952980040
2481,Ⅰ Ⅴ Ⅱsus4 Ⅲm7,*,-0.7831243276596070
1591,Ⅵm Ⅱm Ⅲ7 Ⅵm Ⅴm,*,-0.7844398617744450
1592,Ⅰ Ⅳmaj7 Ⅴ7 Ⅲm,*,-0.7847222089767460
2660, Ⅳ Ⅴ bⅢ#m bⅥ#m,*,-0.787811279296875
2861, bⅤm Ⅲ bⅡm Ⅱ Ⅲ,*,-0.7895561456680300
2831,Ⅱmaj7 bⅡ7 bⅤm,*,-0.7895561456680300
1952, Ⅰ#,*,-0.7909335494041440
1284,Ⅲm7 Ⅶm7 Ⅰ Ⅴ Ⅱ/Ⅳ#,*,-0.7911784648895260
2853,Ⅶm7 bⅡ7,*,-0.7920461297035220
1409,Ⅵm7 Ⅴm7 Ⅰ,*,-0.7922263741493230
2190, bⅤ bⅥ,*,-0.7927537560462950
3074, Ⅳ bⅢ# Ⅵm Ⅰ,*,-0.7934409976005550
988, Ⅰ,*,-0.794910192489624
421, Ⅵm Ⅴ Ⅳ#dim Ⅳ/Ⅰ Ⅴ,*,-0.7960126996040340
2262, Ⅵm,*,-0.7964181900024410
2986,Ⅶm Ⅳ#m Ⅴ Ⅱ Ⅳ# Ⅶm Ⅶm7/Ⅵ Ⅴ Ⅱ,*,-0.7983142733573910
2349, Ⅳ Ⅴ,*,-0.799545407295227
1287,Ⅲm7 Ⅶm7 Ⅵm7 Ⅱ Ⅶ/Ⅱ#,*,-0.8001291155815130
1219, Ⅰ,*,-0.8001989722251890
2921, Ⅴ Ⅳ Ⅰ/Ⅲ Ⅴ Ⅵm,*,-0.8003344535827640
691, Ⅳ/Ⅵ bⅦ Ⅰ Ⅳ,*,-0.8005597591400150
387,Ⅵmaj7 Ⅴ bⅦ,*,-0.8006402850151060
1768, bⅥ Ⅳ#,*,-0.8016473650932310
337,Ⅵmaj7 Ⅴ#7 Ⅰ#m,*,-0.8021270632743840
611, Ⅳ bⅢ#m,*,-0.8029341697692870
2552, Ⅲ bⅤ,*,-0.8031481504440310
2281, Ⅵm,*,-0.8034632802009580
3106, Ⅴ Ⅰ,*,-0.8055911660194400
1404,Ⅳ Ⅴ Ⅲm7 Ⅵm7,*,-0.808045506477356
2070, Ⅳ# Ⅴ#,*,-0.8084593415260320
1776, bⅦ#m bⅥ#m Ⅱ,*,-0.809711754322052
920, Ⅴ,*,-0.8100854158401490
2518, Ⅳdim bⅤ,*,-0.8101605176925660
1394, Ⅳ Ⅴ,*,-0.8103911280632020
2154, Ⅳ Ⅴ Ⅲm Ⅵm,*,-0.8124499320983890
2480,Ⅰ Ⅴ Ⅱsus4 Ⅲm7,*,-0.8135018944740300
2162, Ⅳ Ⅴ,*,-0.8145687580108640
2678, Ⅳ Ⅴ bⅢ#m bⅥ#m,*,-0.8201043009758000
1907, bⅦ#,*,-0.8211700916290280
3095, Ⅰ,*,-0.8254782557487490
2302, Ⅵm Ⅳ,*,-0.8263037800788880
2019, Ⅳ Ⅴ,*,-0.8264381289482120
2852,Ⅱmaj7 bⅡ7 bⅤm,*,-0.8267213702201840
2839,Ⅱmaj7 bⅡ7 bⅤm,*,-0.8282217979431150
2535, bⅤ#,*,-0.8282549381256100
1414,Ⅵ#m7 bⅥm7 bⅡ,*,-0.8288058638572690
2466,Ⅰ Ⅴ Ⅱsus4 Ⅲm7,*,-0.8298771977424620
109,Ⅳ#m7-5 Ⅳ,*,-0.8301250338554380
3040, Ⅳ Ⅵm,*,-0.8303626775741580
2873,Ⅱmaj7 bⅡ7 bⅤm,*,-0.8303734660148620
2175, Ⅳ Ⅴ/Ⅳ,*,-0.8353486657142640
370,Ⅱmaj7 Ⅱ/Ⅲ,*,-0.8371201157569890
514,Ⅱmaj7 Ⅵm7 Ⅴ,*,-0.8385114073753360
2206,bⅡm bⅢ7 bⅥm bⅤm,*,-0.8390818238258360
2321, Ⅵm Ⅳ Ⅴ,*,-0.8402954936027530
2141, bⅢ,*,-0.8438196182250980
2305, Ⅴ Ⅰ Ⅴ/Ⅶ,*,-0.846670389175415
2258, Ⅵm,*,-0.8483866453170780
776, Ⅲm Ⅰ,*,-0.8484873175621030
2000,Ⅰ Ⅱ bⅦ#m7 Ⅲ7 Ⅵm7 bⅦ# Ⅱ,*,-0.8487460613250730
1733, Ⅳ Ⅳ/bⅥ# bⅦm,*,-0.8490691781044010
1976,Ⅴm7 Ⅰ Ⅳ bⅢ Ⅳ,*,-0.8491942286491390
1990,bⅥm7 bⅡ bⅤ Ⅲ,*,-0.8492763042449950
2249, Ⅱm Ⅲ,*,-0.8495746850967410
1667, Ⅱ bⅦ#m,*,-0.8498446345329290
1660, Ⅴ Ⅵ,*,-0.8499239087104800
2832,Ⅱmaj7 bⅡ7 bⅤm,*,-0.8505170345306400
252,Ⅵm Ⅴm Ⅳ Ⅲ7,*,-0.8505305647850040
1754, bⅥ,*,-0.8542144298553470
2124,Ⅶ Ⅲm Ⅲm7/Ⅱ,*,-0.8550988435745240
1466,Ⅵm7 Ⅴ,*,-0.8555507063865660
1684, Ⅰ#,*,-0.8557965159416200
2056, Ⅰ Ⅳ Ⅴ,*,-0.8584404587745670
2170,Ⅳ Ⅲ7,*,-0.8591339588165280
563, Ⅳ bⅢ#m,*,-0.860733151435852
2288, Ⅰ,*,-0.8616650104522710
3114, bⅦm Ⅳ#,*,-0.8619447350502010
2169, Ⅵm,*,-0.8629684448242190
2657,Ⅱm7 Ⅴ,*,-0.8630081415176390
2194,Ⅶ7 bⅡm bⅢ7 Ⅶ Ⅶ7,*,-0.863321840763092
1779, Ⅱ Ⅴ bⅥ# Ⅱ bⅥ#m/Ⅰ,*,-0.8640362024307250
1658, bⅦ#m Ⅴ Ⅳ# Ⅳ#/bⅦ,*,-0.8646012544631960
1699, Ⅰm Ⅴ# Ⅴ Ⅴ/bⅦ#,*,-0.8646012544631960
2677, Ⅳ Ⅴ bⅥ#m,*,-0.8646306991577150
2284, Ⅵm,*,-0.8647711873054500
2573, bⅡ#m bⅢ#m Ⅳ bⅡ#m Ⅴ,*,-0.866624116897583
2054, Ⅳ Ⅴ Ⅵm Ⅰ,*,-0.8672375679016110
1958, bⅦm Ⅴ#m Ⅰ# Ⅳ#,*,-0.8684524297714230
2836,Ⅱmaj7 bⅡ7 bⅤm,*,-0.868736743927002
2431, Ⅴ bⅡ# bⅢ#m bⅡ#,*,-0.8688170313835140
2989,Ⅲmaj7 Ⅵmaj7 Ⅶ Ⅰ#m,*,-0.8694486021995540
1867,Ⅰ#7 Ⅱmaj7 Ⅲ,*,-0.871680736541748
1239, Ⅰ Ⅴ Ⅲ/bⅥ,*,-0.8730243444442750
1666, Ⅵ,*,-0.873328447341919
2395,Ⅳ Ⅰ Ⅴ Ⅵm7,*,-0.8733820915222170
3016,Ⅲmaj7 Ⅵmaj7 Ⅶ Ⅰ#m,*,-0.8736657500267030
1369, Ⅱm bⅢ#m,*,-0.8738121390342710
781,Ⅴ Ⅶ7,*,-0.8740604519844060
1435,Ⅳ Ⅲ7 Ⅵm7 Ⅰ,*,-0.874828577041626
835, Ⅴ Ⅲ/Ⅴ# Ⅵm,*,-0.8754274845123290
1603, bⅥ#m Ⅴ/bⅥ# bⅥ#m Ⅴ/bⅥ#,*,-0.876092791557312
1654, Ⅱ bⅢ# Ⅳdim Ⅳ#m Ⅵ,*,-0.8761002421379090
3109, Ⅵm Ⅴ,*,-0.8775665760040280
3122, bⅦm Ⅳ# Ⅴ# Ⅰ#,*,-0.8775665760040280
1893,Ⅵ7 Ⅵ,*,-0.87893146276474
1334, Ⅳ# bⅢ#,*,-0.87904292345047
1412, Ⅳ Ⅴ bⅤ,*,-0.8791120648384090
1691, Ⅴ#m bⅢ#,*,-0.880172848701477
3105, Ⅵm Ⅳ,*,-0.8808100819587710
246, Ⅵm Ⅳ,*,-0.8812872767448430
1774, Ⅳ#m bⅦ#m Ⅱ,*,-0.8814426064491270
2510, Ⅳ Ⅶ#,*,-0.8818329572677610
2824,Ⅱmaj7 bⅡ7 bⅤm,*,-0.8820348978042600
253,Ⅵm Ⅴm Ⅳ Ⅲ7 bⅦmaj7,*,-0.8827031850814820
2492, Ⅰ Ⅱ,*,-0.8839446306228640
2953, Ⅶm Ⅳ#m Ⅴ Ⅱ,*,-0.8855584859848020
2941, Ⅴ Ⅳ Ⅰ Ⅴ,*,-0.8855584859848020
2925, Ⅰ/Ⅲ Ⅳ Ⅴ Ⅵm,*,-0.8855584859848020
2929,Ⅳ Ⅰ/Ⅲ Ⅴ Ⅵm7,*,-0.8855584859848020
259,Ⅱm Ⅲ7,*,-0.8865029811859130
1477,Ⅳ Ⅲ7 Ⅵm7 Ⅴm7 Ⅰ7,*,-0.8866870999336240
2066,Ⅰ# Ⅴm7-5 Ⅳ# Ⅳm bⅦm Ⅰ#/Ⅴ# Ⅳ#,*,-0.8875632882118230
2181, Ⅳ Ⅴ,*,-0.8894513845443730
1634, Ⅳ# bⅥ Ⅳm bⅦm,*,-0.8899691700935360
1216, Ⅰ,*,-0.8906588554382320
2551, Ⅶ,*,-0.8923617005348210
1222, Ⅵ,*,-0.8924559950828550
2098,bⅢdim Ⅲm Ⅰmaj7,*,-0.8938795328140260
1149, Ⅴ bⅥ#m,*,-0.8944737911224370
2970, Ⅲm Ⅳ# Ⅴ#,*,-0.8949838280677800
1050,Ⅱmaj7 Ⅲ bⅡm7 bⅤm7 bⅤm7/Ⅲ,*,-0.8953395485877990
1253, Ⅰ Ⅴ Ⅲ/bⅥ,*,-0.895840585231781
2178, Ⅳ Ⅴ,*,-0.8967419266700750
1026, Ⅰ Ⅳ,*,-0.897075891494751
791, Ⅴ,*,-0.897507905960083
1973,Ⅱm7 Ⅵm7 bⅦ Ⅳ Ⅰ,*,-0.8980982899665830
990, bⅥ#m,*,-0.8987775444984440
2205,Ⅲmaj7 bⅤ/Ⅲ bⅢm bⅥm,*,-0.89900803565979
790, Ⅲm Ⅰ Ⅰm,*,-0.9005407094955440
2572, Ⅰ/bⅢ# Ⅳ Ⅴ Ⅰ,*,-0.9015942811965940
1794,Ⅵmaj7 Ⅶ bⅥm7 bⅡm7,*,-0.9049229621887210
2232, Ⅱm Ⅴ Ⅰ,*,-0.9055048823356630
1791,bⅥ7 bⅡm7 Ⅶm7 Ⅲ7,*,-0.9061337113380430
1809,Ⅵmaj7 Ⅶ Ⅲ Ⅲ7,*,-0.907837450504303
1828,bⅤm7 bⅥ7 bⅡm7 Ⅶm7 Ⅲ7,*,-0.908545732498169
1886,Ⅴ#/Ⅰ Ⅳm Ⅱ# Ⅱm7-5,*,-0.9088054895401
2474,Ⅰ Ⅴ Ⅱ Ⅱ#dim Ⅲm7,*,-0.909215211868286
4, Ⅰ Ⅲ,*,-0.9101049304008480
1843,bⅥ#7 bⅡ#m7,*,-0.9108691811561580
2173, Ⅳ Ⅴ/Ⅳ,*,-0.9110164046287540
2030, Ⅳ Ⅴ Ⅵm Ⅰ,*,-0.911477506160736
2652, bⅥ#m Ⅴ,*,-0.9117074012756350
2682, Ⅳ Ⅴ bⅥ#m Ⅴ/bⅦ#,*,-0.9120449423789980
2365,bⅥ Ⅴsus4 Ⅲsus4 Ⅲ,*,-0.9122635126113890
151,Ⅱmaj7 Ⅰ#m7,*,-0.9125462770462040
0,Ⅰ Ⅲ,*,-0.9131580591201780
942, Ⅴ,*,-0.913487434387207
2473,Ⅰ Ⅴ Ⅱ Ⅶ7 Ⅲm7,*,-0.9136698246002200
1463,Ⅳ Ⅴ Ⅲ7/bⅥ Ⅵm7,*,-0.9140816926956180
754, Ⅳ Ⅴ Ⅵm,*,-0.9158177971839900
1866,Ⅰ#7 Ⅴ#m7 Ⅴ9,*,-0.9158236980438230
694,Ⅱm7 Ⅰ/bⅢ#,*,-0.9171607494354250
3051, Ⅳ Ⅵm,*,-0.9183342456817630
2757,Ⅴ Ⅴm Ⅱsus4,*,-0.9186086058616640
2497,Ⅰ Ⅴ Ⅶ7 Ⅲm7,*,-0.9209592342376710
2598,Ⅳ bⅢ#7 bⅥ#m Ⅰ,*,-0.9209969639778140
201, Ⅰ Ⅴ,*,-0.9215600490570070
1537, Ⅰ Ⅴ/Ⅶ,*,-0.9216893315315250
1329, Ⅴ#m Ⅳ# bⅢ#,*,-0.921745538711548
1488,Ⅲ bⅤ Ⅱ#m7 bⅥm7,*,-0.9219258427619930
710, Ⅳ Ⅰ/bⅢ#,*,-0.922006607055664
1297,Ⅲm7 Ⅶm7 Ⅰ Ⅴ Ⅱ/Ⅳ#,*,-0.9220958352088930
3079, Ⅴ Ⅰ,*,-0.92328143119812
1411,Ⅲm7 Ⅵm7,*,-0.923924684524536
464, Ⅵm Ⅰ Ⅱm Ⅳ Ⅲ,*,-0.9241711497306820
2182, Ⅲm bⅥdim Ⅵm,*,-0.9246192574501040
2690, bⅥ#m Ⅳ,*,-0.9247679710388180
1389,Ⅳ Ⅴ Ⅲm7 bⅥdim Ⅵ,*,-0.925342857837677
1586,Ⅳmaj7 Ⅴ7 Ⅲm Ⅵm,*,-0.9255793690681460
657, Ⅳ,*,-0.92629736661911
745, Ⅳ Ⅲ Ⅵm,*,-0.9273692965507510
1446,Ⅵm7 Ⅴm7 Ⅰ7,*,-0.92741596698761
1943, bⅦ#,*,-0.928895890712738
2745, Ⅱ Ⅵ bⅡ,*,-0.929475963115692
1451,Ⅳ Ⅴ Ⅲm7 Ⅵm7,*,-0.929531455039978
1220, Ⅱm bⅢ,*,-0.9296123385429380
1043,Ⅱmaj7 Ⅲ bⅡm7 bⅤm7 bⅤm7/Ⅲ,*,-0.9298157691955570
3082, Ⅵm Ⅳ,*,-0.9299965500831600
3118, bⅦm Ⅳ#,*,-0.9299965500831600
1349, Ⅴ#m Ⅳ#,*,-0.9302533268928530
1087, Ⅳ Ⅴ Ⅰ,*,-0.9313210248947140
702,Ⅳ/Ⅵ bⅦ Ⅰ Ⅱm7,*,-0.9319453835487370
2230,Ⅱm Ⅲ7 Ⅵm Ⅴm,*,-0.9321457743644710
1598,Ⅰ7 Ⅳmaj7 Ⅴ7 Ⅲ/bⅥ,*,-0.9327552318573000
1815,Ⅵmaj7 Ⅶ Ⅲ Ⅲ7,*,-0.932909369468689
858, Ⅴ,*,-0.9331756234169010
2479,Ⅰ Ⅴ Ⅱsus4 Ⅲm7,*,-0.9332668781280520
3123, bⅦm Ⅳ# Ⅴ# Ⅰ#,*,-0.9334678649902340
2987,Ⅲmaj7 Ⅵmaj7 Ⅶ Ⅰ#m,*,-0.9336162209510800
2435, Ⅰ bⅡ#/Ⅰ bⅦ# bⅢ#m,*,-0.934395670890808
1281, Ⅰ Ⅴ Ⅱ/Ⅳ#,*,-0.9344576001167300
1290,Ⅵm7 Ⅱ Ⅶ/Ⅱ#,*,-0.9344576001167300
2231,Ⅰ Ⅳmaj7 Ⅴ Ⅲm Ⅵ,*,-0.9344795346260070
1153, Ⅰ Ⅴ bⅥ#m,*,-0.9347733855247500
1630, Ⅳ# bⅥ Ⅳm bⅦm,*,-0.9362306594848630
2280, Ⅳ Ⅲ,*,-0.9366770386695860
1148, Ⅰ,*,-0.937273383140564
775,Ⅴ Ⅶ7,*,-0.9372850060462950
2556, Ⅳdim bⅤ,*,-0.9383298754692080
2937, Ⅴ Ⅳ Ⅴ Ⅵm Ⅰ/Ⅲ,*,-0.9391294717788700
1766, Ⅳ# bⅥ Ⅳ#,*,-0.94035542011261
2152, Ⅳ Ⅴ Ⅲm Ⅵm,*,-0.9408001899719240
1627, Ⅳ Ⅴ Ⅰ,*,-0.94085294008255
2283, Ⅱm Ⅳ Ⅲ,*,-0.9427363872528080
2793, Ⅶ/Ⅱ# Ⅲ Ⅳ# Ⅴ#m,*,-0.9428253769874570
2057, bⅢ#m Ⅵm Ⅴ Ⅳ,*,-0.9429854154586790
2044, Ⅳm,*,-0.9432415962219240
2383,Ⅱm7 Ⅴ Ⅵm7,*,-0.9438208341598510
1838,bⅤ#m7 Ⅶ# Ⅲ#,*,-0.9439042210578920
1803,bⅤm7 Ⅶ,*,-0.9439042210578920
2429, Ⅴ bⅡ# bⅢ#m Ⅴ/bⅡ#,*,-0.9453301429748540
1152, bⅦ#m Ⅰ,*,-0.945690095424652
1606, Ⅳ bⅢ#,*,-0.9467900395393370
1170, Ⅳ Ⅱm,*,-0.9468008279800420
1778, Ⅳ# Ⅳ#/bⅦ bⅦ#m,*,-0.9471278190612790
79, Ⅳm,*,-0.947262406349182
2541, Ⅲ Ⅶ,*,-0.947416126728058
1610, Ⅳ bⅢ# bⅥ#m bⅥ#,*,-0.9476339221000670
1462,Ⅳ Ⅲ7 Ⅵm7 Ⅴm7 Ⅰ7,*,-0.9481675624847410
491, Ⅱm Ⅳ Ⅲ,*,-0.9486712217330930
419, Ⅳ#dim Ⅳ/Ⅰ Ⅴ,*,-0.9495574831962580
2256, Ⅲ,*,-0.9495809078216550
2381,Ⅳ Ⅰ Ⅴ Ⅵm7,*,-0.9502872824668880
1945,Ⅴ Ⅳ#m7-5,*,-0.9503839015960690
898, Ⅰ#m Ⅶ,*,-0.9506374001502990
2260, Ⅵm,*,-0.950897455215454
8, Ⅰ Ⅲ,*,-0.9512004256248470
2519,Ⅶm7 Ⅵ,*,-0.9520429968833920
1140, Ⅰ,*,-0.952524960041046
1633,Ⅳ# Ⅰm7-5 Ⅳ,*,-0.9538450241088870
2214,bⅤm Ⅶ Ⅲmaj7,*,-0.9540600180625920
208, Ⅵm Ⅳ,*,-0.9547197818756100
1461,Ⅳ Ⅲ7 Ⅵm7 Ⅰ,*,-0.9548670053482060
1626, Ⅳ bⅢ#,*,-0.9555424451828000
1438,Ⅳ Ⅲ7 Ⅵm7,*,-0.9558464884758000
2580, Ⅳ Ⅰ bⅡ#m Ⅴ,*,-0.955901563167572
1165, Ⅴ bⅥ#m bⅦ#m Ⅰ Ⅴ,*,-0.9563599228858950
2202,bⅡm bⅢ7 bⅥm bⅤm,*,-0.9564429521560670
1628,bⅦ#m7-5 bⅢ# bⅥ#m Ⅴ Ⅳ#m7-5,*,-0.9565708637237550
88,Ⅶm7-5 Ⅲ,*,-0.9567776322364810
2520, Ⅴ Ⅱ,*,-0.9567855596542360
1954, bⅦm Ⅴ#m Ⅰ# Ⅳ#,*,-0.957084894180298
1298,Ⅲm7 Ⅶm7 Ⅰ Ⅴ Ⅱ/Ⅳ#,*,-0.9576776623725890
2488,Ⅰ Ⅴ Ⅱ Ⅱ#dim Ⅲm7,*,-0.9581896066665650
1763, Ⅳ Ⅳ/bⅥ# bⅦm Ⅰ#,*,-0.9585590362548830
2859,Ⅱmaj7 bⅡ7 bⅤm,*,-0.959061861038208
2400,Ⅱsus4 Ⅱ,*,-0.9592373967170720
2840,Ⅱmaj7 bⅡ7 bⅤm,*,-0.9605798125267030
1989,Ⅶ bⅡ bⅦm7 bⅢ7,*,-0.961100161075592
695, Ⅳ Ⅰ/bⅢ#,*,-0.9612866044044500
2222,Ⅶ Ⅲmaj7 bⅤ bⅢm bⅥm,*,-0.9614713788032530
1541, Ⅰ Ⅴ/Ⅶ,*,-0.9616803526878360
2507, Ⅳ Ⅶ# bⅢdim bⅢ#,*,-0.9617112278938290
197, Ⅰ Ⅴ,*,-0.9624934792518620
2865,bⅤm Ⅲ Ⅱmaj7,*,-0.9625763297080990
1440,Ⅳ Ⅲ7 Ⅵm7 Ⅴm7 Ⅰ7,*,-0.9625872373580930
2409,Ⅵm7 Ⅳ Ⅱm7 Ⅴ,*,-0.9626064300537110
553, Ⅴ Ⅰ Ⅱm,*,-0.9627437591552730
838, Ⅴ Ⅲ/Ⅴ# Ⅵm,*,-0.962804675102234
2318, Ⅴ,*,-0.96283757686615
2229,Ⅳmaj7 Ⅲm Ⅵm,*,-0.963270664215088
2829,Ⅱmaj7 bⅡ7 bⅤm,*,-0.9634042978286740
1449,Ⅳ Ⅴ Ⅲm7 Ⅵm7,*,-0.9637155532836910
1797,Ⅵmaj7 Ⅶ Ⅲ Ⅲ7,*,-0.963850736618042
2221,bⅡm bⅢ7 bⅥm bⅤm,*,-0.9639711380004880
2371,Ⅳ Ⅲm Ⅵm Ⅳ Ⅲsus4 Ⅲ,*,-0.964332640171051
1280,Ⅲm7 Ⅶm7,*,-0.9643531441688540
1869,Ⅱmaj7 Ⅰ#7 Ⅴ#m7,*,-0.965035617351532
1668, Ⅰ# Ⅳ#m,*,-0.965129554271698
149,Ⅱmaj7 Ⅱm7,*,-0.9651934504508970
2661, Ⅱm bⅢ#m Ⅳ Ⅴ,*,-0.9652368426322940
1781, bⅥ#,*,-0.9654176831245420
2251,Ⅵm Ⅰ Ⅳmaj7 Ⅲ,*,-0.9654794931411740
1972,Ⅱm7 Ⅵm7 bⅦ Ⅳ Ⅰ/Ⅲ,*,-0.9654809236526490
1635, bⅢm Ⅳm bⅦm bⅥm bⅡ,*,-0.9655219316482540
2117, Ⅲm,*,-0.9663306474685670
2090,Ⅶ Ⅲm Ⅲm7/Ⅱ,*,-0.967124879360199
2966,Ⅳ# Ⅶm Ⅶm7/Ⅵ,*,-0.9672113060951230
738, Ⅵm Ⅰ,*,-0.9674821496009830
2874,Ⅱmaj7 bⅡ7 bⅤm,*,-0.9676764607429500
432, Ⅵm Ⅳ Ⅰ Ⅴ Ⅴ#dim,*,-0.9679059982299800
588, Ⅰ Ⅱm,*,-0.9679543375968930
750, Ⅵm Ⅰ,*,-0.9679918885231020
196, Ⅵm Ⅳ,*,-0.9680230617523190
698,Ⅱm7 Ⅰ/bⅢ#,*,-0.968297839164734
529,Ⅲm7/Ⅵ,*,-0.9683416485786440
1464,Ⅳ Ⅴ Ⅵm7,*,-0.9684269428253170
48, Ⅳ,*,-0.9685534834861760
3110, Ⅳ Ⅴ,*,-0.9686095118522640
2472,Ⅵm7 Ⅰ Ⅶ7,*,-0.968775749206543
1831,bⅤm7 bⅥ7,*,-0.969190001487732
213, Ⅰ Ⅴ,*,-0.9692306518554690
30, Ⅵm bⅥ,*,-0.9697542786598210
2252,Ⅵm ⅥmM7 Ⅵm7 bⅤm7-5,*,-0.9697950482368470
2114,Ⅰmaj7 Ⅱ Ⅶm Ⅲm,*,-0.9703305959701540
2679, Ⅱm bⅢ#m Ⅳ Ⅴ,*,-0.9704280495643620
1490,Ⅴ Ⅵ bⅤm7 Ⅶm7,*,-0.9707239270210270
1948, Ⅰ Ⅱ bⅦ#m Ⅲ,*,-0.9710649847984310
2311, Ⅵm Ⅳ Ⅴ Ⅰ,*,-0.971184253692627
1987,bⅢm7 bⅦm7 Ⅶ bⅤ bⅡ/Ⅳ,*,-0.9714347124099730
1613, Ⅳ bⅢ#,*,-0.9715335965156560
124,Ⅰ#m7 Ⅶm7 Ⅰ#m7,*,-0.9715335965156560
2537, Ⅲ Ⅶ,*,-0.9721611142158510
1350, bⅢ#,*,-0.972468912601471
2348, Ⅰ/Ⅲ Ⅳ Ⅴ Ⅵm,*,-0.9724735021591190
1014, bⅥ#m,*,-0.9724915623664860
1624, Ⅳ Ⅴ,*,-0.9727259874343870
2402,Ⅳ Ⅰ Ⅴ bⅥdim Ⅵm7,*,-0.972727119922638
2411,Ⅳ Ⅰ Ⅴ Ⅵm7,*,-0.972727119922638
1845,bⅦmaj7 Ⅶ#,*,-0.9729454517364500
265,Ⅵm Ⅴm Ⅳ Ⅲ7 bⅦmaj7,*,-0.9730897545814510
856, Ⅵm Ⅵm/Ⅴ#,*,-0.9732321500778200
2870,Ⅱmaj7 bⅡ7 Ⅳm7 Ⅲm7 Ⅵ Ⅱmaj7 bⅡ7,*,-0.9734697937965390
2532,bⅤ# bⅥdim bⅥ#m7,*,-0.973896861076355
1801,Ⅵmaj7 Ⅶ,*,-0.973993182182312
1836,bⅦmaj7 Ⅶ#,*,-0.973993182182312
2326, Ⅵm Ⅳ Ⅴ Ⅰ,*,-0.97434401512146
32, Ⅰ Ⅲ,*,-0.97452974319458
730, Ⅳ/Ⅵ bⅦ Ⅰ Ⅳ Ⅰ/bⅢ#,*,-0.9747473001480100
1478,Ⅳ Ⅴ Ⅲm7 Ⅵm7,*,-0.9750893712043760
2361, Ⅳ Ⅴ,*,-0.9754790663719180
300, Ⅰ#m,*,-0.9756406545639040
837, Ⅰ/Ⅲ Ⅳ,*,-0.975810408592224
1871,Ⅰ#maj7 Ⅲm Ⅱ bⅦ#,*,-0.9759592413902280
475, Ⅱm Ⅳ Ⅲ,*,-0.9761073589324950
1333, Ⅴ#m,*,-0.9763003587722780
748, Ⅵm Ⅰ,*,-0.976384699344635
1482,Ⅳ Ⅲ7 Ⅵm7,*,-0.9768466353416440
2837,Ⅱmaj7 bⅡ7 bⅤm,*,-0.9768492579460140
763, Ⅳ Ⅴ Ⅵm,*,-0.9770991206169130
2456, Ⅰ bⅦ#,*,-0.9771472811698910
1283, Ⅰ Ⅴ Ⅱ/Ⅳ#,*,-0.9774609804153440
1292,Ⅵm7 Ⅱ Ⅶ/Ⅱ#,*,-0.9774609804153440
1468,Ⅵm7 Ⅴm7 Ⅰ7,*,-0.9776203036308290
2516, Ⅴ Ⅱ,*,-0.9776715636253360
1345, Ⅴ#m Ⅳ#,*,-0.9776989221572880
1143, Ⅴ bⅥ#m,*,-0.9777206182479860
490, Ⅵm Ⅰ,*,-0.9778032302856440
1919, Ⅲ,*,-0.9780203700065610
2, Ⅵm bⅥ,*,-0.9781956672668460
1790,Ⅵmaj7 Ⅶ,*,-0.9784108400344850
1445,Ⅳ Ⅲ7,*,-0.9787893295288090
244, Ⅵm Ⅳ,*,-0.978905439376831
2972, Ⅴ# Ⅰ#m,*,-0.9789326786994930
1320, Ⅴ#m Ⅳ#,*,-0.9793351888656620
653, Ⅱ bⅢ#m,*,-0.9797865152359010
2728,Ⅴ Ⅰmaj7 Ⅶ7,*,-0.9799818992614750
2781,Ⅵm7 Ⅴ Ⅰmaj7 Ⅵm7/Ⅱ bⅢ Ⅳ,*,-0.9799818992614750
2904,Ⅴ Ⅴm Ⅱsus4,*,-0.9799818992614750
2296,Ⅳmaj7 Ⅲ,*,-0.980012595653534
2465,Ⅰ Ⅴ Ⅱsus4 Ⅲm7,*,-0.9800604581832890
2077,Ⅰmaj7 Ⅱ Ⅶm Ⅲm,*,-0.9801115393638610
2132,bⅡmaj7 bⅢ Ⅰm Ⅳm,*,-0.9801115393638610
135,Ⅱmaj7 Ⅰ#m7,*,-0.980255365371704
1814,Ⅵmaj7 Ⅶ bⅥm7 bⅡm7,*,-0.9802727103233340
3007,Ⅲmaj7 Ⅵmaj7 Ⅶ Ⅰ#m,*,-0.9803038239479060
2320, Ⅴ Ⅰ Ⅴ/Ⅶ,*,-0.9804803133010860
1715, Ⅳ bⅦm,*,-0.9805046916008000
435, Ⅰ Ⅴ,*,-0.9805604219436650
411, Ⅵm Ⅴ Ⅳ#dim Ⅳ Ⅴ,*,-0.9805604219436650
1453,Ⅳ Ⅴ Ⅲm7 Ⅵm7,*,-0.980637550354004
1442,Ⅳ Ⅲ7 Ⅵm7,*,-0.9808562397956850
1812,Ⅵmaj7 bⅥ7,*,-0.9809141159057620
2471,Ⅲm7 Ⅰ Ⅶm7 Ⅶ7 Ⅲm7,*,-0.9812390804290770
3037, Ⅱm Ⅴ#dim,*,-0.981276273727417
1724, Ⅳ#,*,-0.9814650416374210
1782, Ⅴ,*,-0.9814650416374210
1786, Ⅴ bⅥ#,*,-0.9814650416374210
3087, Ⅵm Ⅳ Ⅴ Ⅰ,*,-0.9814788103103640
1494,Ⅴ Ⅵ bⅤm7 Ⅶm7,*,-0.9815996289253240
2403,Ⅳ Ⅰ Ⅲ7 Ⅵm7,*,-0.9816646575927730
2467,Ⅰ Ⅴ Ⅱsus4 Ⅲm7,*,-0.9817377924919130
2602, Ⅰ,*,-0.981782078742981
2844,Ⅱmaj7 bⅡ7 bⅤm,*,-0.9818922877311710
2301, Ⅴ Ⅰ,*,-0.9819841980934140
845, Ⅰ Ⅳ/Ⅵ Ⅴ/Ⅶ,*,-0.9820113182067870
1032, Ⅰ Ⅳ,*,-0.982065975666046
362,Ⅱmaj7 Ⅱ/Ⅲ,*,-0.982164978981018
2988,Ⅲmaj7 Ⅵmaj7 Ⅶ Ⅰ#m,*,-0.9825918674468990
1514, Ⅰ Ⅴ/Ⅶ,*,-0.9825960397720340
1082, Ⅰ/bⅢ#,*,-0.9826233983039860
15, Ⅳ Ⅴ,*,-0.9826818108558660
2364, Ⅰm Ⅴ/Ⅶ bⅢ/bⅦ Ⅳ/Ⅵ,*,-0.9827061891555790
72,Ⅶm7-5 Ⅲ,*,-0.982858657836914
2570, Ⅳ Ⅴ,*,-0.9829390048980710
1746, Ⅰ# bⅦ,*,-0.9830402731895450
2274, Ⅲ,*,-0.9833623766899110
2653, Ⅳ,*,-0.9834849238395690
3098, Ⅳ bⅢ#,*,-0.9836296439170840
881,Ⅲmaj7 Ⅶ/Ⅱ#,*,-0.9839872121810910
643, Ⅱ bⅢ#m Ⅳ Ⅴ/bⅦ#,*,-0.9841563105583190
2511,bⅤ# bⅥdim bⅥ#m7,*,-0.9841564297676090
2603, Ⅰ,*,-0.9842302203178410
1741, Ⅳ#,*,-0.9843235611915590
1821,bⅤm7 Ⅶ,*,-0.9843710064888
2012, Ⅴm Ⅰ,*,-0.984463095664978
3078, Ⅵm Ⅳ,*,-0.9847026467323300
2558, Ⅴ Ⅱ,*,-0.9847685098648070
12, Ⅰ Ⅲ,*,-0.984815239906311
2295,Ⅵm Ⅰ Ⅳmaj7 Ⅲ Ⅵm ⅥmM7 Ⅵm7 bⅤm7-5,*,-0.9849112033843990
1109, Ⅳ Ⅴ Ⅰ,*,-0.9849676489830020
3047, Ⅳ,*,-0.9850471019744870
2811, Ⅲ Ⅶ/Ⅱ# Ⅰ#m,*,-0.9850715398788450
2800, Ⅶ Ⅱ#m,*,-0.9850715398788450
2589, bⅥ#m bⅢ#m,*,-0.985099732875824
2841,Ⅱmaj7 bⅡ7 bⅤm7 Ⅳm7 Ⅲm7,*,-0.9851192831993100
1583,Ⅳmaj7 Ⅲ7 Ⅵm Ⅴm,*,-0.9851696491241460
1977,bⅦ Ⅰ Ⅰ#dim Ⅱ7,*,-0.9851878881454470
844, Ⅴ Ⅰ,*,-0.9853087067604060
3100, Ⅴ Ⅰ Ⅴ/bⅦ#,*,-0.9853502511978150
2851,Ⅱmaj7 bⅡ7 bⅤm,*,-0.9856109619140620
2396,Ⅳ Ⅰ Ⅴ Ⅵm7,*,-0.9857065081596380
2032, Ⅰ Ⅳ Ⅴ,*,-0.9858990907669070
663, Ⅱ bⅢ#m,*,-0.9860570430755620
2601, Ⅰ,*,-0.9861121773719790
590, Ⅴ bⅥ#m Ⅳ,*,-0.9862725734710690
2278, Ⅵm Ⅰ,*,-0.9863086342811580
70, Ⅴ,*,-0.986412525177002
2528, Ⅳ Ⅶ# bⅢdim bⅢ#,*,-0.986422061920166
635, Ⅴ/bⅦ# Ⅰ,*,-0.986422598361969
2157, Ⅲm Ⅵm bⅦ Ⅰ,*,-0.9864670634269710
1879,Ⅰ#maj7 Ⅰ7 Ⅰ#maj7,*,-0.9868285059928890
1876,Ⅴ#7 Ⅰ#maj7,*,-0.9870350956916810
2282, Ⅰ,*,-0.9870455265045170
3002,Ⅲmaj7 Ⅵmaj7 Ⅶ Ⅰ#m,*,-0.9870927333831790
2957, Ⅲm Ⅳ# Ⅴ#,*,-0.9871035218238830
932, Ⅳ#/bⅦ bⅦ#m bⅦaug Ⅵ,*,-0.9872573018074040
1486,Ⅲ bⅤ Ⅱ#m7 bⅥm7,*,-0.9873671531677250
857, Ⅳ,*,-0.9874072074890140
2809, Ⅴ#m Ⅲ Ⅳ# Ⅶ Ⅳ#/Ⅵ#,*,-0.9874322414398190
121,Ⅱmaj7 Ⅰ#m7,*,-0.9879959225654600
36, Ⅰ,*,-0.9882035851478580
2199, bⅤ bⅢm bⅥm bⅡm,*,-0.9882586002349850
1611, Ⅳ Ⅴ,*,-0.988336741924286
2433, Ⅰ Ⅴ/bⅦ#,*,-0.988433301448822
2581,Ⅰ Ⅳmaj7,*,-0.9884854555130000
1288,Ⅲm7 Ⅶm7 Ⅵm7 Ⅱ Ⅶ/Ⅱ#,*,-0.9885321855545040
2168,Ⅲ7,*,-0.9889222383499150
2265, Ⅲ Ⅱm,*,-0.988941490650177
1887,Ⅰ#maj7 Ⅳm Ⅱ# bⅦm,*,-0.988948941230774
2011, Ⅵm,*,-0.9890123605728150
1368, bⅢ#m Ⅵm,*,-0.9890318512916560
420, Ⅵm Ⅴ Ⅳ#dim Ⅳ/Ⅰ Ⅴ,*,-0.9891074895858760
2350, Ⅰ/Ⅲ Ⅵm,*,-0.9893837571144100
1218,bⅦmaj7,*,-0.9893993735313420
2225,Ⅱm Ⅲ7 Ⅵm Ⅴm,*,-0.9894383549690250
1317, Ⅳ#,*,-0.9894739985466010
667, Ⅳ Ⅴ/bⅦ# Ⅰ,*,-0.98974609375
1388,Ⅱm7 Ⅲ7 Ⅵm7 Ⅴm7 Ⅰ,*,-0.9898208379745490
1742, bⅥ Ⅳ# Ⅳ,*,-0.989937424659729
2582,Ⅴ bⅢ#7 bⅥ#m,*,-0.9899677038192750
2522, Ⅳdim bⅤ,*,-0.9900431632995600
626, Ⅴ/bⅦ#,*,-0.9900661706924440
669, Ⅴ/bⅦ# Ⅰ,*,-0.9900922179222110
1184, Ⅴm,*,-0.9902779459953310
2868,Ⅱmaj7 bⅡ7 bⅤm,*,-0.9903391003608700
1252, Ⅵm Ⅳ Ⅴ,*,-0.9905657172203060
1465,Ⅳ Ⅲ7,*,-0.9905661940574650
2817, Ⅴ#m Ⅲ Ⅳ# Ⅶ Ⅳ#/Ⅵ#,*,-0.99057275056839
1764, Ⅳ# bⅥ,*,-0.9907859563827520
3077, Ⅴ Ⅰ Ⅴ/bⅦ#,*,-0.9910072684288020
628, Ⅱ,*,-0.9910221695899960
2156, Ⅳ Ⅴ/Ⅳ,*,-0.9910679459571840
1739, Ⅳ# Ⅳ Ⅳ/bⅥ#,*,-0.9911432266235350
2866, bⅤm,*,-0.9912159442901610
108,Ⅵm ⅥmM7 Ⅵm7,*,-0.9912875294685360
446, Ⅱm Ⅳ Ⅲ,*,-0.9914051294326780
1718, Ⅳ# bⅥ,*,-0.9914992451667790
16, Ⅰ,*,-0.9915969967842100
1312, bⅢ#,*,-0.991607666015625
1348, bⅢ#,*,-0.9916464686393740
119,Ⅱmaj7 Ⅱm7,*,-0.9917652010917660
1068, Ⅰm/bⅢ,*,-0.9919987320899960
2862,bⅤm Ⅲ Ⅱmaj7,*,-0.9921229481697080
1745, bⅥ,*,-0.9922704696655270
199, Ⅰ Ⅴ,*,-0.9923627376556400
1826,Ⅵmaj7,*,-0.992512583732605
846, Ⅰ,*,-0.9927440881729130
2539, bⅡ#dim bⅢ,*,-0.9927964806556700
1240, Ⅵm Ⅳ Ⅴ Ⅰ,*,-0.9931241869926450
665, Ⅴ/bⅦ# Ⅰ,*,-0.9932960867881780
1830,bⅥm7 bⅡm7,*,-0.9937798380851750
1767, Ⅳm bⅦm,*,-0.99379962682724
1720, Ⅳ/bⅥ# bⅦm,*,-0.9954012632370000